PersonRoleId,PersonId,LastName,UsedFirstName,StartDate,StartDateIsApproximate,EndDate,EndDateIsApproximate,EndReasonEn,EndReasonTypeEn,SourceOfInformationEn,IsActing,ActingTextEn,HasCrossedTheFloor,OrganizationId,OrganizationLongEn,OrganizationShortEn,OrganizationAcronymEn,OrganizationTypeId,OrganizationTypeEn,OrganizationProvinceEn,OrganizationHasProfile,IsSenatorialDivision,ToBeStyledAsEn,GroupId,Source,PortFolioEn,Committee,GroupingTitleEn,GroupingOrder,ParliamentStart,ParliamentEnd,ParliamentNumber,PartyOrganizationId,PartyEn,PartyStartDate,PartyEndDate,PersonPersonId,PersonLastName,PersonUsedFirstName,PersonGender,MemberOfParliament,IsMP,IsSenator,GovernorGeneral,NotesEn,InternalNotes,IsCurrent,RoleId,NameEn,Ordinal,Classes
322026,20137,Aitchison,Scott,1994-12-01,True,1997-11-01,True,,,,False,,False,3782,Huntsville,,,11,Municipal Government,,True,False,,0,,,,,0,,,0,0,,,,0,,,,,False,False,,,,False,1227,Councillor,,Municipal
322025,20137,Aitchison,Scott,2000-12-01,True,2006-11-01,True,,,,False,,False,3782,Huntsville,,,11,Municipal Government,,True,False,,0,,,,,0,,,0,0,,,,0,,,,,False,False,,,,False,1227,Councillor,,Municipal
322024,20137,Aitchison,Scott,2010-12-01,True,2019-12-01,True,,,,False,,False,3782,Huntsville,,,11,Municipal Government,,True,False,,0,,,,,0,,,0,0,,,,0,,,,,False,False,,,,False,1227,Councillor,,Municipal
318775,20137,Aitchison,Scott,2014-10-27,False,2019-10-28,False,,,,False,,False,3782,Huntsville,,,11,Municipal Government,,True,False,,0,,,,,0,,,0,0,,,,0,,,,,False,False,,,,False,223,Mayor,,Municipal
163644,17852,Albas,Dan,2008-01-01,True,2011-01-01,True,,,,False,,False,6450,Penticton,,,11,Municipal Government,,True,False,,0,,,,,0,,,0,0,,,,0,,,,,False,False,,,,False,1227,Councillor,,Municipal
100298,7131,Angus,Charlie,2000-01-01,True,2004-04-01,True,,,,False,,False,9234,Timmins's Catholic School Board,,,29,School Board,,True,False,,0,,,,,0,,,0,0,,,,0,,,,,False,False,,,,False,576,School Trustee,,Municipal
318778,20153,Bachrach,Taylor,2008-01-01,True,2011-01-01,True,,,,False,,False,15299,Telkwa,,,11,Municipal Government,,True,False,,0,,,,,0,,,0,0,,,,0,,,,,False,False,,,,False,1227,Councillor,,Municipal
318780,20153,Bachrach,Taylor,2011-01-01,True,2019-01-01,True,,,,False,,False,15300,Smithers,,,11,Municipal Government,,True,False,,0,,,,,0,,,0,0,,,,0,,,,,False,False,,,,False,223,Mayor,,Municipal
266741,18520,Badawey,Vance,1994-12-01,False,1997-11-30,False,,,,False,,False,11825,Port Colborne,,,11,Municipal Government,,True,False,,0,,,,,0,,,0,0,,,,0,,,,,False,False,,,,False,777,City Councillor,,Municipal
266742,18520,Badawey,Vance,1997-12-01,False,2003-11-30,False,,,,False,,False,11825,Port Colborne,,,11,Municipal Government,,True,False,,0,,,,,0,,,0,0,,,,0,,,,,False,False,,,,False,223,Mayor,,Municipal
321953,18520,Badawey,Vance,1997-12-01,False,2003-11-30,False,,,,False,,False,5862,Niagara Regional Municipality,,,11,Municipal Government,,True,False,,0,,,,,0,,,0,0,,,,0,,,,,False,False,,,,False,562,Regional Councillor,,Municipal
266743,18520,Badawey,Vance,2006-12-01,False,2014-11-30,True,,,,False,,False,11825,Port Colborne,,,11,Municipal Government,,True,False,,0,,,,,0,,,0,0,,,,0,,,,,False,False,,,,False,223,Mayor,,Municipal
321954,18520,Badawey,Vance,2006-12-01,False,2014-11-30,False,,,,False,,False,5862,Niagara Regional Municipality,,,11,Municipal Government,,True,False,,0,,,,,0,,,0,0,,,,0,,,,,False,False,,,,False,562,Regional Councillor,,Municipal
317542,20051,Barrett,Michael,2014-12-01,False,2018-12-03,False,,,,False,,False,15223,Edwardsburgh Cardinal ,,,11,Municipal Government,,False,False,,0,,,,,0,,,0,0,,,,0,,,,,False,False,,,,False,731,Municipal Councillor,,Municipal
266777,18430,Beech,Terry,1999-01-01,True,2001-01-01,True,,,,False,,False,5598,Nanaimo,,,11,Municipal Government,,True,False,,0,,,,,0,,,0,0,,,,0,,,,,False,False,,,,False,777,City Councillor,,Municipal
266807,18578,Berthold,Luc,2006-01-01,True,2013-01-01,True,,,,False,,False,11831,Thetford Mines,,,11,Municipal Government,,True,False,,0,,,,,0,,,0,0,,,,0,,,,,False,False,,,,False,223,Mayor,,Municipal
310364,20014,Black,Robert,2014-01-01,True,2018-02-01,True,,,,False,,False,11008,Wellington County,,,5,Regional Government,,True,False,,0,,,,,0,,,0,0,,,,0,,,,,False,False,,,,False,1227,Councillor,,Municipal
149051,17308,Block,Kelly,2000-01-01,True,2003-01-01,True,,,,False,,False,10788,Waldheim,,,11,Municipal Government,,True,False,,0,,,,,0,,,0,0,,,,0,,,,,False,False,,,,False,1227,Councillor,,Municipal
149050,17308,Block,Kelly,2003-10-01,True,2008-01-01,True,,,,False,,False,10788,Waldheim,,,11,Municipal Government,,True,False,,0,,,,,0,,,0,0,,,,0,,,,,False,False,,,,False,223,Mayor,,Municipal
268920,18480,Brassard,John,2006-01-01,True,2015-09-01,True,,,,False,,False,786,Barrie,,,11,Municipal Government,,True,False,,0,,,,,0,,,0,0,,,,0,,,,,False,False,,,,False,777,City Councillor,,Municipal
267013,18500,Bratina,Bob,2004-01-01,True,2010-01-01,True,,,,False,,False,3530,Hamilton,,,11,Municipal Government,,True,False,,0,,,,,0,,,0,0,,,,0,,,,,False,False,,,,False,1227,Councillor,,Municipal
267012,18500,Bratina,Bob,2010-01-01,True,2014-01-01,True,,,,False,,False,3530,Hamilton,,,11,Municipal Government,,True,False,,0,,,,,0,,,0,0,,,,0,,,,,False,False,,,,False,223,Mayor,,Municipal
15052,14725,Calkins,Blaine,2004-01-01,True,2006-01-01,True,,,,False,,False,4386,Lacombe,,,11,Municipal Government,,True,False,,0,,,,,0,,,0,0,,,,0,,,,,False,False,,,,False,698,Town Councillor,,Municipal
50084,10987,Campbell,Larry W.,2002-12-01,True,2005-11-29,False,,,,False,,False,9538,Vancouver,,,11,Municipal Government,,True,False,,0,,,,,0,,,0,0,,,,0,,,,,False,False,,,,False,223,Mayor,,Municipal
137207,17412,Carignan,Claude,2000-11-01,True,2009-09-01,True,,,,False,,False,8226,Saint-Eustache,,,11,Municipal Government,,True,False,,0,,,,,0,,,0,0,,,,0,,,,,False,False,,,,False,223,Mayor,,Municipal
323592,20221,Chahal,George,2017-10-23,False,2021-09-19,False,,,,False,,False,1397,Calgary,,,11,Municipal Government,,True,False,,0,,,,,0,,,0,0,,,,0,,,,,False,False,,,,False,777,City Councillor,,Municipal
267088,18536,Chen,Shaun,2006-12-01,False,2015-10-18,False,,,,False,,False,9279,Toronto's Board of Education,,,29,School Board,,True,False,,0,,,,,0,,,0,0,,,,0,,,,,False,False,,,,False,575,School Trustee,,Municipal
267087,18536,Chen,Shaun,2014-12-01,False,2015-08-04,False,,,,False,,False,9279,Toronto's Board of Education,,,29,School Board,,True,False,,0,,,,,0,,,0,0,,,,0,,,,,False,False,,,,False,756,Chair,,Committee|Officers of Party Caucuses and Executives|ElectionProcessCloseDissolution
322103,20199,Clement,Bernadette,2014-10-27,False,2018-12-01,False,,,,False,,False,2210,Cornwall,,,11,Municipal Government,,True,False,,0,,,,,0,,,0,0,,,,0,,,,,False,False,,,,False,777,City Councillor,,Municipal
322100,20199,Clement,Bernadette,2018-12-01,False,2021-06-21,False,,,,False,,False,2210,Cornwall,,,11,Municipal Government,,True,False,,0,,,,,0,,,0,0,,,,0,,,,,False,False,,,,False,223,Mayor,,Municipal
323523,20230,Collins,Chad,1995-06-01,True,2021-09-25,False,,,,False,,False,3530,Hamilton,,,11,Municipal Government,,True,False,,0,,,,,0,,,0,0,,,,0,,,,,False,False,,,,False,777,City Councillor,,Municipal
318928,20162,Collins,Laurel,2018-10-20,False,,False,,,,False,,False,9640,Victoria,,,11,Municipal Government,,True,False,,0,,,,,0,,,0,0,,,,0,,,,,False,False,,,,True,1227,Councillor,,Municipal
267350,18524,Damoff,Pam,2010-01-01,True,2015-01-01,True,,,,False,,False,6091,Oakville,,,11,Municipal Government,,True,False,,0,,,,,0,,,0,0,,,,0,,,,,False,False,,,,False,698,Town Councillor,,Municipal
18510,1176,Dawson,Dennis,1972-01-01,True,1977-01-01,True,,,,False,,False,6958,Québec's Catholic School Board,,,29,School Board,,True,False,,0,,,,,0,,,0,0,,,,0,,,,,False,False,,,,False,708,Trustee,,Municipal
32892,1176,Dawson,Dennis,1975-01-01,True,1977-01-01,True,,,,False,,False,6958,Québec's Catholic School Board,,,29,School Board,,True,False,,0,,,,Political Party,6,,,0,0,,,,0,,,,,False,False,,,,False,902,President,0.0,Minister For Portfolio|Officers of Party Caucuses and Executives|Deputy Minister|Political Party
267437,18420,Diotte,Kerry,2010-10-26,True,2013-10-29,False,,,,False,,False,2724,Edmonton,,,11,Municipal Government,,True,False,,0,,,,,0,,,0,0,,,,0,,,,,False,False,,,,False,777,City Councillor,,Municipal
319014,20152,Dowdall,Terry,2010-01-01,True,2018-01-01,True,,,,False,,False,15318,Essa,,,11,Municipal Government,,True,False,,0,,,,,0,,,0,0,,,,0,,,,,False,False,,,,False,223,Mayor,,Municipal
267471,18456,Duguid,Terry,1989-01-01,True,1995-01-01,True,,,,False,,False,10016,Winnipeg,,,11,Municipal Government,,True,False,,0,,,,,0,,,0,0,,,,0,,,,,False,False,,,,False,731,Municipal Councillor,,Municipal
319015,20156,Duncan,Eric,2010-01-01,True,2018-01-01,True,,,,False,,False,15319,North Dundas,,,11,Municipal Government,,True,False,,0,,,,,0,,,0,0,,,,0,,,,,False,False,,,,False,223,Mayor,,Municipal
267473,18501,Duvall,Scott,2006-01-01,True,2015-01-01,True,,,,False,,False,3530,Hamilton,,,11,Municipal Government,,True,False,,0,,,,,0,,,0,0,,,,0,,,,,False,False,,,,False,777,City Councillor,,Municipal
268936,18482,Ellis,Neil R.,2006-01-01,True,2014-01-01,True,,,,False,,False,925,Belleville,,,11,Municipal Government,,True,False,,0,,,,,0,,,0,0,,,,0,,,,,False,False,,,,False,223,Mayor,,Municipal
324339,18482,Ellis,Neil R.,2022-10-24,False,,False,,,,False,,False,925,Belleville,,,11,Municipal Government,,True,False,,0,,,,,0,,,0,0,,,,0,,,,,False,False,,,,True,223,Mayor,,Municipal
102426,11432,Fast,Ed,1985-01-01,True,1990-01-01,True,,,,False,,False,357,Abbotsford's Board of Education,,,29,School Board,,True,False,,0,,,,,0,,,0,0,,,,0,,,,,False,False,,,,False,576,School Trustee,,Municipal
39166,11432,Fast,Ed,1996-01-01,True,2005-01-01,True,,,,False,,False,358,Abbotsford,,,11,Municipal Government,,True,False,,0,,,,,0,,,0,0,,,,0,,,,,False,False,,Acted as deputy mayor for 3 years.,,False,777,City Councillor,,Municipal
267926,18473,Fisher,Darren,2009-09-19,True,2015-01-01,True,,,,False,,False,11916,Halifax Regional Council,,,5,Regional Government,,True,False,,0,,,,,0,,,0,0,,,,0,,,,,False,False,,,,False,731,Municipal Councillor,,Municipal
267927,18473,Fisher,Darren,2012-01-01,True,2012-01-01,True,,,,False,,False,2362,Dartmouth,,,11,Municipal Government,,True,False,,0,,,,,0,,,0,0,,,,0,,,,,False,False,,,,False,1640,Deputy Mayor,,Municipal
284089,18717,Forest,Éric,1980-11-02,False,1981-10-31,False,,,,False,,False,6592,Pointe-au-Père,,,11,Municipal Government,,True,False,,0,,,,,0,,,0,0,,,,0,,,,,False,False,,,,False,1227,Councillor,,Municipal
284090,18717,Forest,Éric,1981-11-01,False,1982-06-30,False,,,,False,,False,6592,Pointe-au-Père,,,11,Municipal Government,,True,False,,0,,,,,0,,,0,0,,,,0,,,,,False,False,,,,False,223,Mayor,,Municipal
284091,18717,Forest,Éric,1994-01-01,True,1995-01-01,True,,,,False,,False,7257,Rimouski,,,11,Municipal Government,,True,False,,0,,,,,0,,,0,0,,,,0,,,,,False,False,,,,False,731,Municipal Councillor,,Municipal
284088,18717,Forest,Éric,2005-11-01,True,2016-11-01,True,,,,False,,False,7257,Rimouski,,,11,Municipal Government,,True,False,,0,,,,,0,,,0,0,,,,0,,,,,False,False,,,,False,223,Mayor,,Municipal
164569,17849,Garrison,Randall,2008-11-01,True,2011-01-01,True,,,,False,,False,10898,Esquimalt,,,11,Municipal Government,,True,False,,0,,,,,0,,,0,0,,,,0,,,,,False,False,,,,False,1227,Councillor,,Municipal
269026,18506,Gerretsen,Mark,2006-01-01,True,2010-01-01,True,,,,False,,False,4242,Kingston,,,11,Municipal Government,,True,False,,0,,,,,0,,,0,0,,,,0,,,,,False,False,,,,False,731,Municipal Councillor,,Municipal
269023,18506,Gerretsen,Mark,2010-10-25,False,2014-01-01,True,,,,False,,False,4242,Kingston,,,11,Municipal Government,,True,False,,0,,,,,0,,,0,0,,,,0,,,,,False,False,,,,False,223,Mayor,,Municipal
268341,18586,Godin,Joël,,False,,False,,,,False,,False,11948,Saint-Joachim,,,11,Municipal Government,,True,False,,0,,,,,0,,,0,0,,,,0,,,,,False,False,,,,True,731,Municipal Councillor,,Municipal
318776,20110,Green,Matthew,2014-10-27,False,2018-10-20,False,,,,False,,False,3530,Hamilton,,,11,Municipal Government,,True,False,,0,,,,,0,,,0,0,,,,0,,,,,False,False,,,,False,777,City Councillor,,Municipal
284085,18709,Griffin,Diane,2006-01-01,True,2016-01-01,True,,,,False,,False,12260,Stratford (PEI),,,11,Municipal Government,,True,False,,0,,,,,0,,,0,0,,,,0,,,,,False,False,,,,False,1227,Councillor,,Municipal
139853,17762,Généreux,Bernard,2005-01-01,True,2009-11-01,True,,,,False,,False,10626,La Pocatière,,,11,Municipal Government,,True,False,,0,,,,,0,,,0,0,,,,0,,,,,False,False,,,,False,223,Mayor,,Municipal
114511,6440,Holland,Mark,1997-12-01,False,2004-06-28,False,,,,False,,False,6533,Pickering,,,11,Municipal Government,,True,False,,0,,,,,0,,,0,0,,,,0,,,,,False,False,,,,False,1227,Councillor,,Municipal
107773,6440,Holland,Mark,2000-12-01,False,2004-06-28,False,,,,False,,False,2624,Durham County,,,5,Regional Government,,True,False,,0,,,,,0,,,0,0,,,,0,,,,,False,False,,,,False,1227,Councillor,,Municipal
93915,6440,Holland,Mark,2004-01-01,True,2004-06-01,True,,,,True,,False,6533,Pickering,,,11,Municipal Government,,True,False,,0,,,,,0,,,0,0,,,,0,,,,,False,False,,,,False,223,Mayor,,Municipal
268412,18582,Housefather,Anthony,1994-01-01,True,2001-01-01,True,,,,False,,False,11960,Hampstead,,,11,Municipal Government,,True,False,,0,,,,,0,,,0,0,,,,0,,,,,False,False,,,,False,731,Municipal Councillor,,Municipal
281200,18582,Housefather,Anthony,2001-01-01,True,2005-01-01,True,,,,False,,False,5470,Montreal,,,11,Municipal Government,,True,False,,0,,,,,0,,,0,0,,,,0,,,,,False,False,,,,False,1227,Councillor,,Municipal
268415,18582,Housefather,Anthony,2005-11-07,False,2015-10-01,True,,,,False,,False,11958,Côte-Saint-Luc,,,11,Municipal Government,,True,False,,0,,,,,0,,,0,0,,,,0,,,,,False,False,,,,False,223,Mayor,,Municipal
268437,18434,Johns,Gord,2008-01-01,True,2011-01-01,True,,,,False,,False,11966,Tofino,,,11,Municipal Government,,True,False,,0,,,,,0,,,0,0,,,,0,,,,,False,False,,,,False,731,Municipal Councillor,,Municipal
207046,5058,Jones,Yvonne,1991-01-01,True,1996-01-01,True,,,,False,,False,11095,Mary's Harbour,,,11,Municipal Government,,True,False,,0,,,,,0,,,0,0,,,,0,,,,,False,False,,,,False,223,Mayor,,Municipal
322493,20231,Kramp-Neuman,Shelby,,False,,False,,,,False,,False,15373,Centre Hastings,,,11,Municipal Government,,False,False,,0,,,,,0,,,0,0,,,,0,,,,,False,False,,,,True,1227,Councillor,,Municipal
322492,20231,Kramp-Neuman,Shelby,,False,,False,,,,False,,False,15373,Centre Hastings,,,11,Municipal Government,,False,False,,0,,,,,0,,,0,0,,,,0,,,,,False,False,,,,True,1639,Deputy Mayor,,Municipal
318786,20167,Kusmierczyk,Irek,2013-12-09,False,2014-10-26,False,,,,False,,False,9978,Windsor (ON),,,11,Municipal Government,,True,False,,0,,,,,0,,,0,0,,,,0,,,,,False,False,,,,False,777,City Councillor,,Municipal
318785,20167,Kusmierczyk,Irek,2014-10-27,False,2018-10-21,False,,,,False,,False,9978,Windsor (ON),,,11,Municipal Government,,True,False,,0,,,,,0,,,0,0,,,,0,,,,,False,False,,,,False,777,City Councillor,,Municipal
318784,20167,Kusmierczyk,Irek,2018-10-22,False,2019-10-20,False,,,,False,,False,9978,Windsor (ON),,,11,Municipal Government,,True,False,,0,,,,,0,,,0,0,,,,0,,,,,False,False,,,,False,777,City Councillor,,Municipal
268454,2604,Kwan,Jenny Wai Ching,1993-01-01,True,1996-01-01,True,,,,False,,False,9538,Vancouver,,,11,Municipal Government,,True,False,,0,,,,,0,,,0,0,,,,0,,,,,False,False,,,,False,731,Municipal Councillor,,Municipal
318788,20147,Lattanzio,Patricia,2015-11-15,False,2017-11-04,False,,,,False,,False,5470,Montreal,,,11,Municipal Government,,True,False,,0,,,,,0,,,0,0,,,,0,,,,,False,False,,,,False,777,City Councillor,,Municipal
318787,20147,Lattanzio,Patricia,2017-11-05,False,2019-10-20,False,,,,False,,False,5470,Montreal,,,11,Municipal Government,,True,False,,0,,,,,0,,,0,0,,,,0,,,,,False,False,,,,False,777,City Councillor,,Municipal
268462,18555,Lauzon,Stéphane,2009-11-01,True,2015-01-01,False,,,,False,,False,3217,Gatineau,,,11,Municipal Government,,True,False,,0,,,,,0,,,0,0,,,,0,,,,,False,False,,,,False,731,Municipal Councillor,,Municipal
268547,18563,Lebouthillier,Diane,2010-01-01,True,2015-01-01,True,,,,False,,False,11976,Regional County Municipality of Rocher-Percé,,,5,Regional Government,,True,False,,0,,,,,0,,,0,0,,,,0,,,,,False,False,,,,False,553,Reeve,,Municipal
324341,18540,Lefebvre,Paul,2022-10-24,False,,False,,,,False,,False,9002,Sudbury,,,11,Municipal Government,,True,False,,0,,,,,0,,,0,0,,,,0,,,,,False,False,,,,True,223,Mayor,,Municipal
318793,20084,Lehoux,Richard,1998-11-01,False,2017-11-04,False,,,,False,,False,15302,Saint-Elzéar,,,11,Municipal Government,,False,False,,0,,,,,0,,,0,0,,,,0,,,,,False,False,,,,False,223,Mayor,,Municipal
318796,20084,Lehoux,Richard,2000-01-01,True,2017-11-22,False,,,,False,,False,15303,Nouvelle-Beauce,,,5,Regional Government,,True,False,,0,,,,,0,,,0,0,,,,0,,,,,False,False,,,,False,553,Reeve,,Municipal
318803,20107,Lewis,Chris,2006-11-13,False,,False,,,,False,,False,4246,Kingsville,,,11,Municipal Government,,True,False,,0,,,,,0,,,0,0,,,,0,,,,,False,False,,,,True,1227,Councillor,,Municipal
268885,18496,Maloney,James,2014-01-01,True,2015-01-01,True,,,,False,,False,9280,Toronto,,,11,Municipal Government,,True,False,,0,,,,,0,,,0,0,,,,0,,,,,False,False,,,,False,777,City Councillor,,Municipal
134966,2257,Manning,Fabian,,False,,False,,,,False,,False,10503,St. Brides,,,11,Municipal Government,,True,False,,0,,,,,0,,,0,0,,,,0,,,,,False,False,,For three terms.,,True,1227,Councillor,,Municipal
318805,20112,Martinez Ferrada,Soraya,2005-11-06,False,2009-10-31,False,,,,False,,False,7591,Saint-Michel,,,11,Municipal Government,,True,False,,0,,,,,0,,,0,0,,,,0,,,,,False,False,,,,False,777,City Councillor,,Municipal
269120,16528,Masse,Brian,1997-11-01,False,2002-05-12,False,,,,False,,False,9978,Windsor (ON),,,11,Municipal Government,,True,False,,0,,,,,0,,,0,0,,,,0,,,,,False,False,,,,False,1227,Councillor,,Municipal
322029,20101,Mazier,Dan,2006-10-01,True,2011-01-01,True,,,,False,,False,15362,Rolling River School Division,,,29,School Board,,False,False,,0,,,,,0,,,0,0,,,,0,,,,,False,False,,,,False,576,School Trustee,,Municipal
268613,18467,McDonald,Ken,1993-01-01,True,1996-01-01,True,,,,False,,False,10455,Conception Bay South,,,11,Municipal Government,,True,False,,0,,,,,0,,,0,0,,,,0,,,,,False,False,,,,False,1227,Councillor,,Municipal
268614,18467,McDonald,Ken,2009-01-01,True,2013-01-01,True,,,,False,,False,10455,Conception Bay South,,,11,Municipal Government,,True,False,,0,,,,,0,,,0,0,,,,0,,,,,False,False,,,,False,1227,Councillor,,Municipal
268612,18467,McDonald,Ken,2013-09-24,False,2015-01-01,True,,,,False,,False,10455,Conception Bay South,,,11,Municipal Government,,True,False,,0,,,,,0,,,0,0,,,,0,,,,,False,False,,,,False,223,Mayor,,Municipal
132706,17253,McLeod,Cathy,1993-01-01,True,1996-01-01,True,,,,False,,False,10464,Pemberton,,,11,Municipal Government,,True,False,,0,,,,,0,,,0,0,,,,0,,,,,False,False,,,,False,1227,Councillor,,Municipal
132705,17253,McLeod,Cathy,1996-01-01,True,1999-01-01,True,,,,False,,False,10464,Pemberton,,,11,Municipal Government,,True,False,,0,,,,,0,,,0,0,,,,0,,,,,False,False,,,,False,223,Mayor,,Municipal
268628,18471,McLeod,Michael,,False,,False,,,,False,,False,11992,Fort Providence,,,11,Municipal Government,,True,False,,0,,,,,0,,,0,0,,,,0,,,,,False,False,,,,True,223,Mayor,,Municipal
135159,17336,Mockler,Percy,,False,,False,,,,False,,False,10531,District 32 School Board,,,29,School Board,,True,False,,0,,,,,0,,,0,0,,,,0,,,,,False,False,,,,True,756,Chair,,Committee|Officers of Party Caucuses and Executives|ElectionProcessCloseDissolution
318813,20096,Morantz,Marty,2014-10-22,False,2018-10-23,False,,,,False,,False,10016,Winnipeg,,,11,Municipal Government,,True,False,,0,,,,,0,,,0,0,,,,0,,,,,False,False,,Charleswood - Tuxedo Ward,,False,777,City Councillor,,Municipal
268654,18552,Morrissey,Robert,,False,,False,,,,False,,False,7724,School Board,,,29,School Board,,True,False,,0,,,,,0,,,0,0,,,,0,,,,,False,False,,,,True,575,School Trustee,,Municipal
269048,18529,Nater,John,2010-12-01,True,2014-11-01,True,,,,False,,False,12068,West Perth,,,11,Municipal Government,,True,False,,0,,,,,0,,,0,0,,,,0,,,,,False,False,,,,False,1227,Councillor,,Municipal
268666,18531,O'Connell,Jennifer,2006-10-01,True,2010-10-01,True,,,,False,,False,6533,Pickering,,,11,Municipal Government,,True,False,,0,,,,,0,,,0,0,,,,0,,,,,False,False,,,,False,1227,Councillor,,Municipal
268667,18531,O'Connell,Jennifer,2010-10-01,True,2015-01-01,True,,,,False,,False,6533,Pickering,,,11,Municipal Government,,True,False,,0,,,,,0,,,0,0,,,,0,,,,,False,False,,,,False,562,Regional Councillor,,Municipal
140206,10620,Poirier,Rose-May,1993-01-01,True,1999-01-01,True,,,,False,,False,8523,St. Louis of Kent,,,11,Municipal Government,,True,False,,0,,,,,0,,,0,0,,,,0,,,,,False,False,,,,False,697,Town Councillor,,Municipal
269113,18589,Rayes,Alain,2009-11-02,False,2015-01-01,True,,,,False,,False,9647,Victoriaville,,,11,Municipal Government,,True,False,,0,,,,,0,,,0,0,,,,0,,,,,False,False,,,,False,223,Mayor,,Municipal
309487,20007,Rogers,Churence,1997-01-01,True,2003-01-01,True,,,,False,,False,15127,Harbour Breton,,,11,Municipal Government,,False,False,,0,,,,,0,,,0,0,,,,0,,,,,False,False,,,,False,223,Mayor,,Municipal
309486,20007,Rogers,Churence,2009-01-01,True,2017-01-01,True,,,,False,,False,15126,Centreville-Wareham-Trinity,,,11,Municipal Government,,False,False,,0,,,,,0,,,0,0,,,,0,,,,,False,False,,,,False,223,Mayor,,Municipal
106110,9445,Rota,Anthony,1994-01-01,True,1997-01-01,True,,,,False,,False,5932,North Bay,,,11,Municipal Government,,True,False,,0,,,,,0,,,0,0,,,,0,,,,,False,False,,,,False,1227,Councillor,,Municipal
268751,18507,Schulte,Deborah,2010-01-01,True,2014-01-01,True,,,,False,,False,10809,Vaughan,,,11,Municipal Government,,True,False,,0,,,,,0,,,0,0,,,,0,,,,,False,False,,,,False,562,Regional Councillor,,Municipal
268753,18521,Serré,Marc G.,,False,,False,,,,False,,False,9007,Sudbury's School Board,,,29,School Board,,True,False,,0,,,,,0,,,0,0,,,,0,,,,,False,False,,,,True,576,School Trustee,,Municipal
268754,18521,Serré,Marc G.,,False,,False,,,,False,,False,7692,Sault Ste Marie's Board of Education,,,29,School Board,,True,False,,0,,,,,0,,,0,0,,,,0,,,,,False,False,,,,True,576,School Trustee,,Municipal
268755,18521,Serré,Marc G.,,False,,False,,,,False,,False,12010,Valley East,,,29,School Board,,True,False,,0,,,,,0,,,0,0,,,,0,,,,,False,False,,,,True,576,School Trustee,,Municipal
268756,18521,Serré,Marc G.,,False,,False,,,,False,,False,12011,West Nipissing,,,11,Municipal Government,,True,False,,0,,,,,0,,,0,0,,,,0,,,,,False,False,,,,True,731,Municipal Councillor,,Municipal
22325,3950,Sgro,Judy,1987-01-01,True,1994-01-01,True,,,,False,,False,5997,North York,,,11,Municipal Government,,True,False,,0,,,,,0,,,0,0,,,,0,,,,,False,False,,,,False,731,Municipal Councillor,,Municipal
268892,3950,Sgro,Judy,1994-01-01,True,1999-11-15,False,,,,False,,False,9283,Toronto's Metropolitain,,,5,Regional Government,,True,False,,0,,,,,0,,,0,0,,,,0,,,,,False,False,,,,False,562,Regional Councillor,,Municipal
268760,18534,Sheehan,Terry,,False,,False,,,,False,,False,12012,Huron Superior Catholic District School Board,,,29,School Board,,True,False,,0,,,,,0,,,0,0,,,,0,,,,,False,False,,,,True,576,School Trustee,,Municipal
269069,18534,Sheehan,Terry,,False,,False,,,,False,,False,7694,Sault Ste Marie,,,11,Municipal Government,,True,False,,0,,,,,0,,,0,0,,,,0,,,,,False,False,,,,True,777,City Councillor,,Municipal
268763,18412,Shields,Martin,2004-10-26,False,2007-10-21,False,,,,False,,False,12013,Brooks,,,11,Municipal Government,,True,False,,0,,,,,0,,,0,0,,,,0,,,,,False,False,,,,False,731,Municipal Councillor,,Municipal
268762,18412,Shields,Martin,2007-10-22,True,2015-10-27,True,,,,False,,False,12013,Brooks,,,11,Municipal Government,,True,False,,0,,,,,0,,,0,0,,,,0,,,,,False,False,,,,False,223,Mayor,,Municipal
318789,20082,Shipley,Doug,2010-01-01,True,2019-01-01,True,,,,False,,False,786,Barrie,,,11,Municipal Government,,True,False,,0,,,,,0,,,0,0,,,,0,,,,,False,False,,,,False,777,City Councillor,,Municipal
322126,20209,Sorensen,Karen,2004-01-01,True,2010-01-01,True,,,,False,,False,15364,Banff,,,11,Municipal Government,,True,False,,0,,,,,0,,,0,0,,,,0,,,,,False,False,,,,False,777,City Councillor,,Municipal
322125,20209,Sorensen,Karen,2010-01-01,True,2021-07-29,False,,,,False,,False,15364,Banff,,,11,Municipal Government,,True,False,,0,,,,,0,,,0,0,,,,0,,,,,False,False,,,,False,223,Mayor,,Municipal
318798,20169,Soroka,Gerald,2004-10-18,False,2007-10-15,False,,,,False,,False,15305,Yellowhead County,,,11,Municipal Government,,False,False,,0,,,,,0,,,0,0,,,,0,,,,,False,False,,,,False,1227,Councillor,,Municipal
318799,20169,Soroka,Gerald,2007-10-15,False,2019-09-17,False,,,,False,,False,15305,Yellowhead County,,,11,Municipal Government,,False,False,,0,,,,,0,,,0,0,,,,0,,,,,False,False,,,,False,223,Mayor,,Municipal
97447,11535,Stanton,Bruce,,False,,False,,,,False,,False,7822,Severn Township,,,11,Municipal Government,,True,False,,0,,,,,0,,,0,0,,,,0,,,,,False,False,,For four years.,,True,731,Municipal Councillor,,Municipal
322412,20240,Stewart,Jake,2008-10-28,True,2010-10-28,True,,,,False,,False,15371,Blackville,,,11,Municipal Government,,True,False,,0,,,,,0,,,0,0,,,,0,,,,,False,False,,,,False,777,City Councillor,,Municipal
323013,20233,Sudds,Jenna,2018-12-01,True,2021-09-19,False,,,,False,,False,6271,Ottawa,,,11,Municipal Government,,True,False,,0,,,,,0,,,0,0,,,,0,,,,,False,False,,,,False,777,City Councillor,,Municipal
323012,20233,Sudds,Jenna,2020-12-01,True,2021-09-19,False,,,,False,,False,6271,Ottawa,,,11,Municipal Government,,True,False,,0,,,,,0,,,0,0,,,,0,,,,,False,False,,,,False,1639,Deputy Mayor,,Municipal
268779,18502,Tassi,Filomena,,True,,True,,,,False,,False,11265,Hamilton Board of Education,,,29,School Board,,True,False,,0,,,,,0,,,0,0,,,,0,,,,,False,False,,,,True,576,School Trustee,,Municipal
322491,20243,Tolmie,Fraser,2009-01-01,False,2012-01-01,False,,,,False,,False,5496,Moose Jaw,,,11,Municipal Government,,True,False,,0,,,,,0,,,0,0,,,,0,,,,,False,False,,,,False,777,City Councillor,,Municipal
322490,20243,Tolmie,Fraser,2016-01-01,True,2021-08-18,False,,,,False,,False,5496,Moose Jaw,,,11,Municipal Government,,True,False,,0,,,,,0,,,0,0,,,,0,,,,,False,False,,,,False,223,Mayor,,Municipal
318806,20131,Van Bynen,Tony,2000-01-01,True,2003-01-01,True,,,,False,,False,15307,Newmarket,,,25,City,,False,False,,0,,,,,0,,,0,0,,,,0,,,,,False,False,,,,False,777,City Councillor,,Municipal
318807,20131,Van Bynen,Tony,2003-01-01,True,2006-01-01,True,,,,False,,False,5841,Newmarket,,,11,Municipal Government,,True,False,,0,,,,,0,,,0,0,,,,0,,,,,False,False,,,,False,562,Regional Councillor,,Municipal
318808,20131,Van Bynen,Tony,2006-01-01,True,2018-01-01,True,,,,False,,False,15307,Newmarket,,,25,City,,False,False,,0,,,,,0,,,0,0,,,,0,,,,,False,False,,,,False,223,Mayor,,Municipal
268799,18454,Vandal,Daniel,1995-11-07,False,2004-05-14,False,,,,False,,False,10016,Winnipeg,,,11,Municipal Government,,True,False,,0,,,,,0,,,0,0,,,,0,,,,,False,False,,,,False,777,City Councillor,,Municipal
268798,18454,Vandal,Daniel,2003-11-05,False,2004-05-14,False,,,,False,,False,10016,Winnipeg,,,11,Municipal Government,,True,False,,0,,,,,0,,,0,0,,,,0,,,,,False,False,,,,False,1640,Deputy Mayor,,Municipal
268797,18454,Vandal,Daniel,2006-11-07,False,2014-11-04,True,,,,False,,False,10016,Winnipeg,,,11,Municipal Government,,True,False,,0,,,,,0,,,0,0,,,,0,,,,,False,False,,,,False,777,City Councillor,,Municipal
268882,18280,Vaughan,Adam,2006-01-01,True,2014-05-13,False,,,,False,,False,9280,Toronto,,,11,Municipal Government,,True,False,,0,,,,,0,,,0,0,,,,0,,,,,False,False,,,,False,731,Municipal Councillor,,Municipal
318797,20102,Vidal,Gary,2011-09-01,True,2019-04-01,True,,,,False,,False,15304,Meadow Lake,,,25,City,,False,False,,0,,,,,0,,,0,0,,,,0,,,,,False,False,,,,False,223,Mayor,,Municipal
268810,18605,Waugh,Kevin,,False,,False,,,,False,,False,12022,Saskatoon,,,29,School Board,,True,False,,0,,,,,0,,,0,0,,,,0,,,,,False,False,,,,True,576,School Trustee,,Municipal
247346,18279,Yurdiga,David,2007-01-01,True,2009-01-01,True,,,,False,,False,11215,Athabasca County,,,5,Regional Government,,True,False,,0,,,,,0,,,0,0,,,,0,,,,,False,False,,,,False,178,Deputy Reeve,,Municipal
247347,18279,Yurdiga,David,2009-01-01,True,2013-01-01,True,,,,False,,False,11215,Athabasca County,,,5,Regional Government,,True,False,,0,,,,,0,,,0,0,,,,0,,,,,False,False,,,,False,553,Reeve,,Municipal
322505,20248,Zarrillo,Bonita,2013-01-01,True,2021-01-01,True,,,,False,,False,2197,Coquitlam,,,11,Municipal Government,,True,False,,0,,,,,0,,,0,0,,,,0,,,,,False,False,,,,False,777,City Councillor,,Municipal

