PersonId,LastName,UsedFirstName,StraightDisplayName,Gender,LanguageEn,PartyEn,ConstituencyEn,ProvinceEn,TypeOfParliamentarianEn,DateOfBirth,DateOfBirthIsApproximate,CityOfBirthEn,ProvinceOfBirthEn,CountryOfBirthEn,IsCanadianOrigin,DiedInOffice,DateOfDeath,DeceasedOnDuty
8200,Abbott,John Joseph Caldwell,John Joseph Caldwell Abbott,M,,Liberal-Conservative (1887/05/12 - 1893/10/30)|Liberal-Conservative (1881/08/17 - 1887/02/21)|Liberal-Conservative (1880/02/12 - 1881/07/13)|Liberal-Conservative (1867/09/20 - 1874/10/16),Inkerman (1887/05/12 - 1893/10/30)|Argenteuil (1881/08/17 - 1887/02/21)|Argenteuil (1880/02/12 - 1881/07/13)|Argenteuil (1867/09/20 - 1874/10/06),Quebec|Quebec|Quebec|Quebec,MP (1881/08/17 - 1887/02/21)|MP (1880/02/12 - 1881/07/13)|MP (1867/09/20 - 1874/10/06)|Senator (1887/05/12 - 1893/10/30),1821-03-12,False,St. Andrews,,Lower Canada,False,False,1893-10-30,True
11553,Aikins,James Cox,James Cox Aikins,M,,Liberal-Conservative (1896/01/07 - 1904/08/06)|Liberal-Conservative (1867/10/23 - 1882/05/30),Ontario (1896/01/07 - 1904/08/06)|Ontario (1867/10/23 - 1882/05/30),Ontario|Ontario,Senator (1896/01/07 - 1904/08/06)|Senator (1867/10/23 - 1882/05/30),1823-03-30,False,Toronto Township,,Upper Canada,False,False,1904-08-06,True
8444,Allan,George William,George William Allan,M,,Conservative (1867-1942) (1867/10/23 - 1901/07/24),York (1867/10/23 - 1901/07/24),Ontario,Senator (1867/10/23 - 1901/07/24),1822-01-09,False,York,,Upper Canada,False,False,1901-07-24,True
2345,Anderson,John Hawkins,John Hawkins Anderson,M,,Liberal Party of Canada (1867/10/23 - 1870/12/24),Nova Scotia (1867/10/23 - 1870/12/24),Nova Scotia,Senator (1867/10/23 - 1870/12/24),1805-01-01,True,,,,False,False,1870-12-24,True
14587,Anglin,Timothy Warren,Timothy Warren Anglin,M,,Liberal Party of Canada (1877/07/02 - 1882/06/19)|Liberal Party of Canada (1867/09/20 - 1877/06/07),Gloucester (1877/07/02 - 1882/06/19)|Gloucester (1867/09/20 - 1877/06/07),New Brunswick|New Brunswick,MP (1877/07/02 - 1882/06/19)|MP (1867/09/20 - 1877/06/07),1822-08-31,False,Clonakilty,County Cork,Ireland,False,False,1896-05-04,False
12562,Archambault,Louis,Louis Archambault,M,,Liberal-Conservative (1867/09/20 - 1874/01/21),L'Assomption (1867/09/20 - 1874/01/21),Quebec,MP (1867/09/20 - 1874/01/21),1814-11-07,False,Longue-Pointe,,Lower Canada,False,False,1890-03-02,False
10428,Archibald,Adams George,Adams George Archibald,M,,Liberal-Conservative (1888/08/15 - 1891/03/04)|Liberal-Conservative (1869/09/09 - 1870/05/19),Colchester (1888/08/15 - 1891/03/05)|Colchester (1869/09/09 - 1870/05/19),Nova Scotia|Nova Scotia,MP (1888/08/15 - 1891/03/05)|MP (1869/09/09 - 1870/05/19),1814-05-03,False,Truro,Nova Scotia,Canada,False,False,1892-12-14,False
5022,Archibald,Thomas Dickson,Thomas Dickson Archibald,M,,Liberal-Conservative (1867/10/23 - 1890/10/18),North Sydney (1867/10/23 - 1890/10/18),Nova Scotia,Senator (1867/10/23 - 1890/10/18),1813-04-08,False,Onslow,Nova Scotia,,False,False,1890-10-18,True
7820,Armand,Joseph François,Joseph François Armand,M,,Conservative (1867-1942) (1867/10/23 - 1903/01/01),Repentigny (1867/10/23 - 1903/01/01),Quebec,Senator (1867/10/23 - 1903/01/01),1820-12-14,False,Rivière-des-Prairies,,Lower Canada,False,False,1903-01-01,True
5290,Ault,Samuel,Samuel Ault,M,,Liberal-Conservative (1867/09/20 - 1872/10/11),Stormont (1867/09/20 - 1872/10/11),Ontario,MP (1867/09/20 - 1872/10/11),1814-01-01,True,Osnabruck,,Upper Canada,False,False,1895-08-28,False
4633,Bake,George Barnard,George Barnard Bake,M,,Liberal-Conservative (1891/03/05 - 1910/02/09)|Liberal-Conservative (1870/07/05 - 1887/02/21),Bedford (1896/01/07 - 1910/02/09)|Missisquoi (1891/03/05 - 1896/01/06)|Missisquoi (1878/09/17 - 1887/02/21)|Missisquoi (1870/07/05 - 1874/01/21),Quebec|Quebec|Quebec|Quebec,MP (1891/03/05 - 1896/01/06)|MP (1878/09/17 - 1887/02/21)|MP (1870/07/05 - 1874/01/21)|Senator (1896/01/07 - 1910/02/09),1834-01-26,False,Dunham,,Lower Canada,False,False,1910-02-09,True
12601,Barthe,Georges Isidore,Georges Isidore Barthe,M,,Independent Conservative (1874/01/22 - 1878/09/16)|Independent Conservative (1870/11/18 - 1872/10/11),Richelieu (1874/01/22 - 1878/09/16)|Richelieu (1870/11/18 - 1872/10/11),Quebec|Quebec,MP (1874/01/22 - 1878/09/16)|MP (1870/11/18 - 1872/10/11),1834-11-16,False,Restigouche,New Brunswick,Canada,False,False,1900-08-11,False
8366,Beaty,James,James Beaty,M,,Conservative (1867-1942) (1867/09/20 - 1874/03/25),Toronto East (1867/09/20 - 1874/01/21),Ontario,MP (1867/09/20 - 1874/01/21),1798-10-02,False,Kileshandra,Cavan,Ireland,False,False,1892-03-05,False
1799,Beaubien,Joseph-Octave,Joseph-Octave Beaubien,M,,Conservative (1867-1942) (1867/09/20 - 1872/10/11),Montmagny (1867/09/20 - 1872/10/11),Quebec,MP (1867/09/20 - 1872/10/11),1824-03-22,False,Nicolet,,Lower Canada,False,False,1877-11-07,False
16716,Béchard,François,François Béchard,M,,Liberal Party of Canada (1867/09/20 - 1897/04/13),De Lorimier (1896/07/17 - 1897/04/13)|St. Johns--Iberville (1896/06/23 - 1896/07/16)|Iberville (1867/09/20 - 1896/06/22),Quebec|Quebec|Quebec,MP (1896/06/23 - 1896/07/16)|MP (1867/09/20 - 1896/06/22)|Senator (1896/07/17 - 1897/04/13),1830-04-18,False,Mount Johnson,,Lower Canada,False,False,1897-04-13,True
3185,Bellerose,Joseph Hyacinthe,Joseph Hyacinthe Bellerose,M,,Conservative (1867-1942) (1867/09/20 - 1899/08/13),De Lanaudière (1873/10/07 - 1899/08/13)|Laval (1867/09/20 - 1873/10/06),Quebec|Quebec,MP (1867/09/20 - 1873/10/06)|Senator (1873/10/07 - 1899/08/13),1820-07-12,False,Trois-Rivières,,Lower Canada,False,False,1899-08-13,True
14530,Benoit,Pierre Basile,Pierre Basile Benoit,M,,Conservative (1867-1942) (1876/01/07 - 1886/07/12)|Conservative (1867-1942) (1867/09/20 - 1874/01/21),Chambly (1876/01/07 - 1886/07/12)|Chambly (1867/09/20 - 1874/01/21),Quebec|Quebec,MP (1876/01/07 - 1886/07/12)|MP (1867/09/20 - 1874/01/21),1837-10-08,False,Longueuil,,Lower Canada,False,False,1910-11-11,False
10410,Benson,James Rea,James Rea Benson,M,,Liberal-Conservative (1867/09/20 - 1885/03/18),St. Catharines (1868/03/14 - 1885/03/18)|Lincoln (1867/09/20 - 1868/03/13),Ontario|Ontario,MP (1867/09/20 - 1868/03/13)|Senator (1868/03/14 - 1885/03/18),1807-01-21,False,,,Ireland,False,False,1885-03-18,True
8925,Bertrand,Charles Frédéric Adolphe,Charles Frédéric Adolphe Bertrand,M,,Conservative (1867-1942) (1867/09/20 - 1872/10/11),Témiscouata (1867/09/20 - 1872/10/11),Quebec,MP (1867/09/20 - 1872/10/11),1824-01-11,False,Isle-Verte,,Lower Canada,False,False,1896-04-02,False
13018,Bill,Caleb Rand,Caleb Rand Bill,M,,Liberal-Conservative (1867/10/23 - 1872/02/01),Nova Scotia (1867/10/23 - 1872/02/01),Nova Scotia,Senator (1867/10/23 - 1872/02/01),1806-01-09,False,Billtown,Nova Scotia,Canada,False,False,1872-02-01,True
12380,Blai,Adam Johnston Fergusson,Adam Johnston Fergusson Blai,M,,Liberal Party of Canada (1867/10/23 - 1867/12/30),Ontario (1867/10/23 - 1867/12/30),Ontario,Senator (1867/10/23 - 1867/12/30),1815-11-04,False,Perthshire,,Scotland,False,False,1867-12-30,True
4917,Blake,Edward,Edward Blake,M,,Liberal Party of Canada (1879/11/17 - 1891/03/04)|Liberal Party of Canada (1875/06/02 - 1878/09/16)|Liberal Party of Canada (1873/12/04 - 1875/05/18)|Liberal Party of Canada (1867/09/20 - 1873/11/06),Durham West (1879/11/17 - 1891/03/04)|Bruce South (1875/06/02 - 1878/09/16)|Bruce South (1872/10/12 - 1875/05/18)|Durham West (1867/09/20 - 1872/10/11),Ontario|Ontario|Ontario|Ontario,MP (1879/11/17 - 1891/03/04)|MP (1875/06/02 - 1878/09/16)|MP (1872/10/12 - 1875/05/18)|MP (1867/09/20 - 1872/10/11),1833-10-13,False,Adelaide Township,,Upper Canada,False,False,1912-03-01,False
4355,Blake,Olive,Oliver Blake,M,,Liberal Party of Canada (1867/10/23 - 1873/12/10),Ontario (1867/10/23 - 1873/12/10),Ontario,Senator (1867/10/23 - 1873/12/10),1802-10-31,False,New Hampton,New Hampshire,United States,False,False,1873-12-10,True
8032,Blanchet,Joseph-Godric,Joseph-Godric Blanchet,M,,Liberal-Conservative (1878/09/17 - 1883/10/04)|Conservative (1867-1942) (1875/11/23 - 1878/09/16)|Liberal-Conservative (1867/09/20 - 1874/01/02),Lévis (1878/09/17 - 1883/10/04)|Bellechasse (1875/11/23 - 1878/09/16)|Lévis (1867/09/20 - 1874/01/21),Quebec|Quebec|Quebec,MP (1878/09/17 - 1883/10/04)|MP (1875/11/23 - 1878/09/16)|MP (1867/09/20 - 1874/01/21),1829-06-07,False,Saint-Pierre,,Lower Canada,False,False,1890-01-01,False
9692,Bodwell,Ebenezer Vining,Ebenezer Vining Bodwell,M,,Liberal Party of Canada (1867/09/20 - 1874/04/22),Oxford South (1867/09/20 - 1874/04/22),Ontario,MP (1867/09/20 - 1874/04/22),1827-04-30,False,Nissouri Township,,Upper Canada,False,False,1889-10-18,False
13379,Bolton,John,John Bolton,M,,Liberal Party of Canada (1867/09/20 - 1872/07/14),Charlotte (1867/09/20 - 1872/07/14),New Brunswick,MP (1867/09/20 - 1872/07/14),1824-01-01,True,,,England,False,True,1872-07-14,True
16152,Bossé,Joseph-Noël,Joseph-Noël Bossé,M,,Conservative (1867-1942) (1867/10/23 - 1868),De la Durantaye (1867/10/23 - 1868),Quebec,Senator (1867/10/23 - 1868),1807-12-25,False,Cap-Saint-Ignace,,Lower Canada,False,False,1881-09-24,False
8241,Botsford,Amos Edwin,Amos Edwin Botsford,M,,Conservative (1867-1942) (1867/10/23 - 1894/03/19),New Brunswick (1867/10/23 - 1894/03/19),New Brunswick,Senator (1867/10/23 - 1894/03/19),1804-09-25,False,Saint John,New Brunswick,Canada,False,False,1894-03-19,True
12558,Boucher de Niverville,Louis-Charles,Louis-Charles Boucher de Niverville,M,,Conservative (1867-1942) (1867/09/20 - 1868/09/30),Three Rivers (1867/09/20 - 1868/09/30),Quebec,MP (1867/09/20 - 1868/09/30),1825-08-12,False,Trois-Rivières,,Lower Canada,False,False,1869-08-01,False
5819,Bourassa,François,François Bourassa,M,,Liberal Party of Canada (1867/09/20 - 1896/06/22),St. John's (1867/09/20 - 1896/06/22),Quebec,MP (1867/09/20 - 1896/06/22),1813-06-05,False,Sainte-Marguerite-de-Blairfindie (L'Acadie),,Lower Canada,False,False,1898-05-13,False
8673,Bourinot,John,John Bourinot,M,,Liberal-Conservative (1867/10/23 - 1884/01/19),Nova Scotia (1867/10/23 - 1884/01/19),Nova Scotia,Senator (1867/10/23 - 1884/01/19),1814-03-15,False,Grouville,Island of Jersey,England,False,False,1884-01-19,True
15613,Bowell,Mackenzie,Mackenzie Bowell,M,,Conservative (1867-1942) (1878/10/19 - 1917/12/10)|Conservative (1867-1942) (1867/09/20 - 1878/10/18),Hastings (1892/12/05 - 1917/12/10)|Hastings North (1878/11/06 - 1892/12/04)|Hastings North (1867/09/20 - 1878/10/18),Ontario|Ontario|Ontario,MP (1878/11/06 - 1892/12/04)|MP (1867/09/20 - 1878/10/18)|Senator (1892/12/05 - 1917/12/10),1823-12-27,False,Rickinghall,Suffolk,England,False,False,1917-12-10,True
13147,Bowman,Isaac E,Isaac Erb Bowman,M,,Liberal Party of Canada (1887/02/22 - 1896/06/22)|Liberal Party of Canada (1867/09/20 - 1878/09/16),Waterloo North (1887/02/22 - 1896/06/22)|Waterloo North (1867/09/20 - 1878/09/16),Ontario|Ontario,MP (1887/02/22 - 1896/06/22)|MP (1867/09/20 - 1878/09/16),1832-08-17,False,Woolwich,,Upper Canada,False,False,1897-09-03,False
2544,Bown,John Young,John Young Bown,M,,Liberal-Conservative (1867/09/20 - 1872/10/11),Brant North (1867/09/20 - 1872/10/11),Ontario,MP (1867/09/20 - 1872/10/11),1821-12-30,False,Dorsetshire,,England,False,False,1890-09-26,False
1926,Brousseau,Jean Docile,Jean Docile Brousseau,M,,Conservative (1867-1942) (1867/09/20 - 1872/10/11),Portneuf (1867/09/20 - 1872/10/11),Quebec,MP (1867/09/20 - 1872/10/11),1825-02-24,False,Québec,Quebec,Canada,False,False,1908-07-28,False
4140,Brown,James,James Brown,M,,Conservative (1867-1942) (1867/09/20 - 1882/06/19),Hastings West (1867/09/20 - 1882/06/19),Ontario,MP (1867/09/20 - 1882/06/19),1828-10-14,False,,,Scotland,False,False,1897-04-24,False
12396,Bureau,Jacques-Olivie,Jacques-Olivier Bureau,M,,Liberal Party of Canada (1867/10/23 - 1883/02/07),De Lorimier (1867/10/23 - 1883/02/07),Quebec,Senator (1867/10/23 - 1883/02/07),1820-02-06,False,Trois-Rivières,,Lower Canada,False,False,1883-02-07,True
2238,Burnham,Asa Allworth,Asa Allworth Burnham,M,,Conservative (1867-1942) (1867/10/23 - 1873/05/10),Ontario (1867/10/23 - 1873/05/10),Ontario,Senator (1867/10/23 - 1873/05/10),1808-02-17,False,Cobourg,,Upper Canada,False,False,1873-05-10,True
2902,Burpee,Charles,Charles Burpee,M,,Liberal Party of Canada (1900/02/01 - 1900/07/19)|Liberal Party of Canada (1867/09/20 - 1887/02/21),New Brunswick (1900/02/01 - 1900/07/19)|Sunbury (1867/09/20 - 1887/02/21),New Brunswick|New Brunswick,MP (1867/09/20 - 1887/02/21)|Senator (1900/02/01 - 1900/07/19),1817-06-18,False,Sheffield,New Brunswick,Canada,False,False,1909-11-29,False
3336,Burton,Francis Henry,Francis Henry Burton,M,,Conservative (1867-1942) (1867/09/20 - 1872/07/08),Durham East (1867/09/20 - 1872/07/28),Ontario,MP (1867/09/20 - 1872/07/28),1817-01-01,True,Galway,,Ireland,False,True,1872-07-28,True
12926,Caldwell,William Murray,William Murray Caldwell,M,,Liberal Party of Canada (1868/03/13 - 1870/09/29),Restigouche (1868/03/13 - 1870/09/29),New Brunswick,MP (1868/03/13 - 1870/09/29),1832-05-18,False,Douglastown,New Brunswick,Canada,False,True,1870-09-29,True
409,Cameron,Hugh,Hugh Cameron,M,,Conservative (1867-1942) (1887/02/22 - 1896/06/22)|Liberal-Conservative (1882/06/20 - 1887/02/21)|Liberal-Conservative (1869/01/30 - 1872/10/11)|Anti-Confederate (1867/09/20 - 1869/01/29),Inverness (1882/06/20 - 1896/06/22)|Inverness (1867/09/20 - 1872/10/11),Nova Scotia|Nova Scotia,MP (1882/06/20 - 1896/06/22)|MP (1867/09/20 - 1872/10/11),1836-03-18,False,Antigonish County,Nova Scotia,Canada,False,False,1918-05-11,False
3319,Cameron,John Hillyard,John Hillyard Cameron,M,,Conservative (1867-1942) (1872/10/12 - 1876/11/14)|Conservative (1867-1942) (1867/09/20 - 1872/10/11),Cardwell (1872/10/12 - 1876/11/14)|Peel (1867/09/20 - 1872/10/11),Ontario|Ontario,MP (1872/10/12 - 1876/11/14)|MP (1867/09/20 - 1872/10/11),1817-04-14,False,Blendecques,,France,False,True,1876-11-14,True
13553,Cameron,Malcolm Colin,Malcolm Colin Cameron,M,,Liberal Party of Canada (1896/01/14 - 1898/06/06)|Liberal Party of Canada (1891/03/05 - 1891/12/26)|Liberal Party of Canada (1878/09/17 - 1887/02/21)|Liberal Party of Canada (1867/09/20 - 1874/10/22),Huron West (1896/01/14 - 1898/05/29)|Huron West (1891/03/05 - 1891/12/26)|Huron West (1882/06/20 - 1887/02/21)|Huron South (1878/09/17 - 1882/06/19)|Huron South (1867/09/20 - 1874/02/22),Ontario|Ontario|Ontario|Ontario|Ontario,MP (1896/01/14 - 1898/05/29)|MP (1891/03/05 - 1891/12/26)|MP (1882/06/20 - 1887/02/21)|MP (1878/09/17 - 1882/06/19)|MP (1867/09/20 - 1874/02/22),1832-04-12,False,Perth,,Upper Canada,False,False,1898-09-26,False
3004,Campbell,Alexande,Alexander Campbell,M,,Conservative (1867-1942) (1867/10/23 - 1887/02/07),Cataraqui (1867/10/23 - 1887/02/07),Ontario,Senator (1867/10/23 - 1887/02/07),1822-03-09,False,Hedon,Yorkshire,England,False,False,1892-05-24,False
2857,Campbell,Stewart,Stewart Campbell,M,,Liberal-Conservative (1868/09/01 - 1874/01/21)|Anti-Confederate (1867/09/20 - 1868/08/30),Guysborough (1867/09/20 - 1874/01/21),Nova Scotia,MP (1867/09/20 - 1874/01/21),1812-05-05,False,,,Jamaïca,False,False,1885-02-20,False
3125,Carling,John,John Carling,M,,Liberal-Conservative (1892/02/26 - 1911/11/06)|Liberal-Conservative (1891/04/27 - 1892/02/17)|Liberal-Conservative (1878/09/17 - 1891/03/04)|Liberal-Conservative (1867/09/20 - 1874/01/21),London (1896/04/23 - 1911/11/06)|London (1892/02/26 - 1896/04/22)|London (1891/04/27 - 1892/02/17)|London (1878/09/17 - 1891/03/04)|London (1867/09/20 - 1874/01/21),Ontario|Ontario|Ontario|Ontario|Ontario,MP (1892/02/26 - 1896/04/22)|MP (1878/09/17 - 1891/03/04)|MP (1867/09/20 - 1874/01/21)|Senator (1896/04/23 - 1911/11/06)|Senator (1891/04/27 - 1892/02/17),1828-01-23,False,London,,Upper Canada,False,False,1911-11-06,True
9604,Carmichael,James William,James William Carmichael,M,,Liberal Party of Canada (1898/12/31 - 1903/04/24)|Liberal Party of Canada (1874/01/22 - 1878/09/16)|Liberal Party of Canada (1869/01/30 - 1872/10/11)|Anti-Confederate (1867/09/20 - 1869/01/29),Nova Scotia (1898/12/31 - 1903/04/24)|Pictou (1874/01/22 - 1878/09/16)|Pictou (1867/09/20 - 1872/10/11),Nova Scotia|Nova Scotia|Nova Scotia,MP (1874/01/22 - 1878/09/16)|MP (1867/09/20 - 1872/10/11)|Senator (1898/12/31 - 1903/04/24),1819-12-16,False,New Glasgow,Nova Scotia,Canada,False,False,1903-05-01,False
2009,Caron,George,George Caron,M,,Conservative (1867-1942) (1867/09/20 - 1872/10/11),Maskinongé (1867/09/20 - 1872/10/11),Quebec,MP (1867/09/20 - 1872/10/11),1823-03-03,False,Rivière-du-Loup,,Lower Canada,False,False,1902-05-14,False
8987,Carrall,Robert William Wei,Robert William Weir Carrall,M,,Conservative (1867-1942) (1871/12/13 - 1879/09/19),British Columbia (1871/12/13 - 1879/09/19),British Columbia,Senator (1871/12/13 - 1879/09/19),1837-02-02,False,Carrall's Grove,,Upper Canada,False,False,1879-09-19,True
5642,Carte,Edward Brock,Edward Brock Carte,M,,Conservative (1867-1942) (1871/11/17 - 1874/01/21),Brome (1871/11/17 - 1874/01/21),Quebec,MP (1871/11/17 - 1874/01/21),1822-03-01,False,Trois-Rivières,,Lower Canada,False,False,1883-09-27,False
5818,Cartie,George-Étienne,George-Étienne Cartie,M,,Liberal-Conservative (1867/09/20 - 1873/05/20),Provencher (1872/10/12 - 1873/05/20)|Montreal East (1867/09/20 - 1872/10/11),Manitoba|Quebec,MP (1872/10/12 - 1873/05/20)|MP (1867/09/20 - 1872/10/11),1814-09-06,False,Saint-Antoine-sur-Richelieu,,Lower Canada,False,True,1873-05-20,True
16123,Cartwright,Richard John,Richard John Cartwright,M,,Liberal Party of Canada (1896/07/30 - 1912/09/24)|Liberal Party of Canada (1883/12/10 - 1896/07/13)|Liberal Party of Canada (1878/11/02 - 1882/06/19)|Liberal Party of Canada (1873/12/03 - 1878/09/17)|Liberal Party of Canada (1869/10/09 - 1873/11/06)|Conservative (1867-1942) (1867/09/20 - 1869/10/08),Oxford (1904/09/30 - 1912/09/24)|Oxford South (1887/02/22 - 1904/09/29)|Huron South (1883/12/10 - 1887/02/21)|Huron Centre (1878/11/02 - 1882/06/19)|Lennox (1867/09/20 - 1878/09/16),Ontario|Ontario|Ontario|Ontario|Ontario,MP (1887/02/22 - 1904/09/29)|MP (1883/12/10 - 1887/02/21)|MP (1878/11/02 - 1882/06/19)|MP (1867/09/20 - 1878/09/16)|Senator (1904/09/30 - 1912/09/24),1835-12-04,False,Kingston,,Upper Canada,False,False,1912-09-24,True
219,Casault,Louis Napoléon,Louis Napoléon Casault,M,,Conservative (1867-1942) (1867/09/20 - 1870/05/26),Bellechasse (1867/09/20 - 1870/05/26),Quebec,MP (1867/09/20 - 1870/05/26),1823-07-10,False,Saint-Thomas-de-Montmagny,,Lower Canada,False,False,1908-05-18,False
9370,Cauchon,Joseph Édouard,Joseph Édouard Cauchon,M,,Liberal Party of Canada (1875/12/27 - 1877/10/22)|Liberal Party of Canada (1874/01/22 - 1875/12/07)|Independent (1872/10/12 - 1874/01/21)|Independent Conservative (1867/11/02 - 1872/06/30)|Conservative (1867-1942) (1867/09/20 - 1867/11/01),Quebec-Centre (1875/12/27 - 1877/10/22)|Quebec-Centre (1872/10/12 - 1875/12/07)|Stadacona (1867/11/02 - 1872/06/30)|Montmorency (1867/09/20 - 1867/11/01),Quebec|Quebec|Quebec|Quebec,MP (1875/12/27 - 1877/10/22)|MP (1872/10/12 - 1875/12/07)|MP (1867/09/20 - 1867/11/01)|Senator (1867/11/02 - 1872/06/30),1816-12-31,False,Saint-Roch,,Lower Canada,False,False,1885-02-23,False
6406,Cayley,Michael,Michael Cayley,M,,Conservative (1867-1942) (1878/09/17 - 1878/12/03)|Conservative (1867-1942) (1867/09/20 - 1872/10/11),Beauharnois (1878/09/17 - 1878/12/03)|Beauharnois (1867/09/20 - 1872/10/11),Quebec|Quebec,MP (1878/09/17 - 1878/12/03)|MP (1867/09/20 - 1872/10/11),1842-05-15,False,Kilkenny,,Ireland,False,True,1878-12-03,True
8468,Chaffers,William Henry,William Henry Chaffers,M,,Liberal Party of Canada (1867/10/23 - 1894/07/19),Rougemont (1867/10/23 - 1894/07/19),Quebec,Senator (1867/10/23 - 1894/07/19),1827-08-02,False,Québec,,Lower Canada,False,False,1894-07-19,True
4530,Chamberlin,Brown,Brown Chamberlin,M,,Conservative (1867-1942) (1867/09/20 - 1870/06/06),Missisquoi (1867/09/20 - 1870/06/06),Quebec,MP (1867/09/20 - 1870/06/06),1827-03-26,False,Frelighsburg,,Lower Canada,False,False,1897-07-13,False
8801,Chapais,Jean-Charles,Jean-Charles Chapais,M,,Conservative (1867-1942) (1868/01/30 - 1885/07/17),De la Durantaye (1868/01/30 - 1885/07/17),Quebec,Senator (1868/01/30 - 1885/07/17),1811-12-02,False,Rivière-Ouelle,,Lower Canada,False,False,1885-07-17,True
10090,Chauveau,Pierre-Joseph-Olivie,Pierre-Joseph-Olivier Chauveau,M,,Conservative (1867-1942) (1867/09/20 - 1874/01/08),Stadacona (1873/02/20 - 1874/01/08)|Quebec County (1867/09/20 - 1873/02/19),Quebec|Quebec,MP (1867/09/20 - 1873/02/19)|Senator (1873/02/20 - 1874/01/08),1820-05-30,False,Québec,,Lower Canada,False,False,1890-04-04,False
11464,Cheval dit St-Jacques,Guillaume,Guillaume Cheval dit St-Jacques,M,,Liberal Party of Canada (1874/01/22 - 1878/09/16)|Liberal Party of Canada (1867/09/20 - 1872/10/11),Rouville (1874/01/22 - 1878/09/16)|Rouville (1867/09/20 - 1872/10/11),Quebec|Quebec,MP (1874/01/22 - 1878/09/16)|MP (1867/09/20 - 1872/10/11),1829-04-29,False,Beloeil,,Lower Canada,False,False,1880-04-20,False
7058,Chipman,Leverett de Vebe,Leverett de Veber Chipman,M,,Liberal Party of Canada (1870/06/23 - 1874/01/21),Kings (1870/06/23 - 1874/01/21),Nova Scotia,MP (1870/06/23 - 1874/01/21),1831-10-20,False,Cornwallis,Nova Scotia,Canada,False,False,1914-01-08,False
10,Chipman,William Henry,William Henry Chipman,M,,Liberal Party of Canada (1869/01/30 - 1870/04/10)|Anti-Confederate (1867/09/20 - 1869/01/29),Kings (1867/09/20 - 1870/04/10),Nova Scotia,MP (1867/09/20 - 1870/04/10),1807-11-03,False,Cornwallis,Nova Scotia,Canada,False,True,1870-04-10,True
2139,Christie,David,David Christie,M,,Liberal Party of Canada (1867/10/23 - 1880/12/15),Erie (1867/10/23 - 1880/12/15),Ontario,Senator (1867/10/23 - 1880/12/15),1818-10-01,True,Edinburgh,,Scotland,False,False,1880-12-14,True
13430,Churchill,Ezra,Ezra Churchill,M,,Liberal-Conservative (1871/02/03 - 1874/05/08),Nova Scotia (1871/02/03 - 1874/05/08),Nova Scotia,Senator (1871/02/03 - 1874/05/08),1804-01-01,True,Yarmouth,Nova Scotia,Canada,False,False,1874-05-08,True
13179,Cimon,Simon Xavie,Simon Xavier Cimon,M,,Conservative (1867-1942) (1881/03/19 - 1887/06/26)|Conservative (1867-1942) (1867/09/20 - 1872/10/11),Charlevoix (1881/03/19 - 1887/06/26)|Charlevoix (1867/09/20 - 1872/10/11),Quebec|Quebec,MP (1881/03/19 - 1887/06/26)|MP (1867/09/20 - 1872/10/11),1829-12-04,False,Murray Bay,,Lower Canada,False,True,1887-06-26,True
5935,Cockburn,James,James Cockburn,M,,Conservative (1867-1942) (1878/09/17 - 1881/11/14)|Conservative (1867-1942) (1867/09/20 - 1874/01/21),Northumberland West (1878/09/17 - 1881/11/14)|Northumberland West (1867/09/20 - 1874/01/21),Ontario|Ontario,MP (1878/09/17 - 1881/11/14)|MP (1867/09/20 - 1874/01/21),1819-02-13,False,Berwick-on-Tweed,,England,False,False,1883-08-14,False
15422,Coffin,Thomas,Thomas Coffin,M,,Liberal Party of Canada (1873/12/09 - 1878/09/16)|Liberal-Conservative (1869/01/30 - 1873/11/07)|Anti-Confederate (1867/09/20 - 1869/01/29),Shelburne (1867/09/20 - 1878/09/16),Nova Scotia,MP (1867/09/20 - 1878/09/16),1817-01-01,True,Barrington,Nova Scotia,Canada,False,False,1890-07-13,False
1405,Colby,Charles Carroll,Charles Carroll Colby,M,,Liberal-Conservative (1889/12/18 - 1891/03/04)|Liberal-Conservative (1867/09/20 - 1889/11/27),Stanstead (1889/12/18 - 1891/03/04)|Stanstead (1867/09/20 - 1889/11/27),Quebec|Quebec,MP (1889/12/18 - 1891/03/04)|MP (1867/09/20 - 1889/11/27),1827-12-10,False,Derby,Vermont,United States,False,False,1907-01-10,False
16576,Connell,Charles,Charles Connell,M,,Liberal Party of Canada (1867/09/20 - 1873/06/28),Carleton (1867/09/20 - 1873/06/28),New Brunswick,MP (1867/09/20 - 1873/06/28),1810-01-01,True,Northampton,New Brunswick,Canada,False,True,1873-06-28,True
4486,Cormie,Charles,Charles Cormie,M,,Nationalist Liberal (1867/10/23 - 1887/05/07),Kennebec (1867/10/23 - 1887/05/07),Quebec,Senator (1867/10/23 - 1887/05/07),1813-06-22,False,Saint-Grégoire-le-Grand,,Lower Canada,False,False,1887-05-07,True
10080,Cornwall,Clement Francis,Clement Francis Cornwall,M,,Conservative (1867-1942) (1871/12/13 - 1881/07/01),Ashcroft (1871/12/13 - 1881/07/01),British Columbia,Senator (1871/12/13 - 1881),1836-06-18,False,Ashcroft,Gloucestershire,England,False,False,1910-02-15,False
15230,Costigan,John,John Costigan,M,,Liberal Party of Canada (1907/01/15 - 1916/09/29)|Liberal Party of Canada (1900/11/07 - 1907/01/14)|Liberal-Conservative (1867/09/20 - 1900/11/06),Victoria (1907/01/15 - 1916/09/29)|Victoria (1867/09/20 - 1907/01/14),New Brunswick|New Brunswick,MP (1867/09/20 - 1907/01/14)|Senator (1907/01/15 - 1916/09/29),1835-02-01,False,St-Nicholas,,Lower Canada,False,False,1916-09-29,True
1983,Coupal dit La Reine,Sixte,Sixte Coupal dit La Reine,M,,Liberal Party of Canada (1875/06/19 - 1882/06/19)|Liberal Party of Canada (1874/08/04 - 1875/05/07)|Liberal Party of Canada (1867/09/20 - 1872/10/11),Napierville (1875/06/19 - 1882/06/19)|Napierville (1874/08/04 - 1875/05/07)|Napierville (1867/09/20 - 1872/10/11),Quebec|Quebec|Quebec,MP (1875/06/19 - 1882/06/19)|MP (1874/08/04 - 1875/05/07)|MP (1867/09/20 - 1872/10/11),1825-05-01,False,Saint-Cyprien-de-Léry,,Lower Canada,False,False,1891-06-22,False
13442,Crawford,George,George Crawford,M,,Conservative (1867-1942) (1867/10/23 - 1870/07/04),Ontario (1867/10/23 - 1870/07/04),Ontario,Senator (1867/10/23 - 1870/07/04),1793-01-01,True,Manorhamilton,County Cavan,Ireland,False,False,1870-07-04,True
2330,Crawford,James,James Crawford,M,,Conservative (1867-1942) (1867/09/20 - 1872/10/11),Brockville (1867/09/20 - 1872/10/11),Ontario,MP (1867/09/20 - 1872/10/11),1816-01-01,True,,County Cavan,Ireland,False,False,1878-11-22,False
12199,Crawford,John Willoughby,John Willoughby Crawford,M,,Conservative (1867-1942) (1867/09/20 - 1873/11/04),Toronto West (1872/10/12 - 1873/11/04)|Leeds South (1867/09/20 - 1872/10/11),Ontario|Ontario,MP (1872/10/12 - 1873/11/04)|MP (1867/09/20 - 1872/10/11),1817-01-01,True,Manorhamilton,County Cavan,Ireland,False,False,1875-05-13,False
13758,Croke,William Joseph,William Joseph Croke,M,,Anti-Confederate (1867/09/20 - 1869/03/11),Richmond (1867/09/20 - 1869/03/11),Nova Scotia,MP (1867/09/20 - 1869/03/11),1840-01-01,True,,,,False,True,1869-03-11,True
6336,Cumberland,Frederick William,Frederick William Cumberland,M,,Conservative (1867-1942) (1871/06/30 - 1872/10/11),Algoma (1871/06/30 - 1872/10/11),Ontario,MP (1871/06/30 - 1872/10/11),1820-04-10,False,London,,England,False,False,1881-08-05,False
4150,Currie,Joseph Merrill,Joseph Merrill Currie,M,,Liberal-Conservative (1877/05/09 - 1882/06/19)|Liberal-Conservative (1867/09/20 - 1877/04/16),Ottawa (City of) (1877/05/09 - 1882/06/19)|Ottawa (City of) (1867/09/20 - 1877/04/16),Ontario|Ontario,MP (1877/05/09 - 1882/06/19)|MP (1867/09/20 - 1877/04/16),1820-01-01,True,North Troy,Vermont,United States,False,False,1884-04-22,False
11716,Daoust,Jean-Baptiste,Jean-Baptiste Daoust,M,,Conservative (1867-1942) (1876/03/11 - 1891/12/28)|Conservative (1867-1942) (1867/09/20 - 1872/10/11),Two Mountains (1876/03/11 - 1891/12/28)|Two Mountains (1867/09/20 - 1872/10/11),Quebec|Quebec,MP (1876/03/11 - 1891/12/28)|MP (1867/09/20 - 1872/10/11),1817-01-18,False,Saint-Eustache,,Lower Canada,False,True,1891-12-28,True
5772,De Cosmos,Amo,Amor De Cosmos,M,,Liberal Party of Canada (1871/11/24 - 1882/06/19),Victoria (1871/11/24 - 1882/06/19),British Columbia,MP (1871/11/24 - 1882/06/19),1825-08-20,False,Windso,Nova Scotia,Canada,False,False,1897-07-04,False
13981,De Léry,Alexandre-René Chaussegros,Alexandre-René Chaussegros De Léry,M,,Conservative (1867-1942) (1871/12/13 - 1876/04/11),Lauzon (1871/12/13 - 1876/04/11),Quebec,Senator (1871/12/13 - 1876/04/11),1818-03-26,False,Québec,,Lower Canada,False,False,1880-12-19,False
827,Delorme,Louis,Louis Delorme,M,,Liberal Party of Canada (1870/09/01 - 1878/09/16),St. Hyacinthe (1870/09/01 - 1878/09/16),Quebec,MP (1870/09/01 - 1878/09/16),1824-12-29,False,Montreal,Quebec,Canada,False,False,1895-06-18,False
15545,Delorme,Pierre,Pierre Delorme,M,,Conservative (1867-1942) (1871/03/03 - 1872/10/11),Provencher (1871/03/03 - 1872/10/11),Manitoba,MP (1871/03/03 - 1872/10/11),1832-10-01,False,Saint-Boniface,Manitoba,Canada,False,False,1912-11-10,False
10862,Desaulniers,Louis-Léon Lesieu,Louis-Léon Lesieur Desaulniers,M,,Conservative (1867-1942) (1878/09/17 - 1887/02/21)|Conservative (1867-1942) (1867/09/20 - 1868/09/29),Saint Maurice (1878/09/17 - 1887/02/21)|Saint Maurice (1867/09/20 - 1868/09/29),Quebec|Quebec,MP (1878/09/17 - 1887/02/21)|MP (1867/09/20 - 1868/09/29),1823-02-20,False,Yamachiche,,Lower Canada,False,False,1896-10-31,False
4872,Deve,James,James Deve,M,,Liberal Party of Canada (1868/03/14 - 1904/05/07),St. John (1868/03/14 - 1904/05/07),New Brunswick,Senator (1868/03/14 - 1904/05/07),1825-05-02,False,Ballyshannon,,Ireland,False,False,1904-05-07,True
15905,Dickey,Robert Barry,Robert Barry Dickey,M,,Conservative (1867-1942) (1867/10/23 - 1903/07/14),Amherst (1867/10/23 - 1903/07/14),Nova Scotia,Senator (1867/10/23 - 1903/07/14),1812-11-10,False,Amherst,Nova Scotia,Canada,False,False,1903-07-14,True
9441,Dickson,Walter Hamilton,Walter Hamilton Dickson,M,,Conservative (1867-1942) (1867/10/23 - 1884/02/14),Niagara (1867/10/23 - 1884/02/14),Ontario,Senator (1867/10/23 - 1884/02/14),1806-01-04,False,Niagara,,Upper Canada,False,False,1885-07-30,False
2686,Dobbie,Thomas William,Thomas William Dobbie,M,,Conservative (1867-1942) (1867/09/20 - 1872/10/11),Elgin East (1867/09/20 - 1872/10/11),Ontario,MP (1867/09/20 - 1872/10/11),1829-11-13,False,Bayham Township,,Upper Canada,False,False,1908-04-01,False
14634,Dorion,Antoine-Aimé,Antoine-Aimé Dorion,M,,Liberal Party of Canada (1867/09/20 - 1874/05/31),Napierville (1872/10/12 - 1874/05/31)|Hochelaga (1867/09/20 - 1872/10/11),Quebec|Quebec,MP (1872/10/12 - 1874/05/31)|MP (1867/09/20 - 1872/10/11),1818-01-17,False,Sainte-Anne de la Pérade,,Lower Canada,False,False,1891-05-31,False
11602,Drew,George Alexande,George Alexander Drew,M,,Liberal-Conservative (1878/09/17 - 1882/06/19)|Liberal-Conservative (1867/09/20 - 1872/10/11),Wellington North (1878/09/17 - 1882/06/19)|Wellington North (1867/09/20 - 1872/10/11),Ontario|Ontario,MP (1878/09/17 - 1882/06/19)|MP (1867/09/20 - 1872/10/11),1826-02-21,False,Williamstown,,Upper Canada,False,False,1891-07-05,False
829,Duchesnay,Antoine Juchereau,Antoine Juchereau Duchesnay,M,,Conservative (1867-1942) (1867/10/23 - 1871/01/07),La Salle (1867/10/23 - 1871/01/07),Quebec,Senator (1867/10/23 - 1871/01/07),1809-11-08,False,Québec,,Lower Canada,False,False,1886-09-10,False
5226,Duchesnay,Henri Elzéar Juchereau,Henri Elzéar Juchereau Duchesnay,M,,Conservative (1867-1942) (1867/10/23 - 1871/05/12),Lauzon (1867/10/23 - 1871/05/12),Quebec,Senator (1867/10/23 - 1871/05/12),1809-07-19,False,Beauport,,Lower Canada,False,False,1871-05-12,True
5392,Dufresne,Joseph,Joseph Dufresne,M,,Conservative (1867-1942) (1867/09/20 - 1871/07/13),Montcalm (1867/09/20 - 1871/07/13),Quebec,MP (1867/09/20 - 1871/07/13),1805-12-02,False,Lavaltrie,,Lower Canada,False,False,1873-11-05,False
11050,Dugas,Firmin,Firmin Dugas,M,,Conservative (1867-1942) (1871/09/15 - 1887/02/21),Montcalm (1871/09/15 - 1887/02/21),Quebec,MP (1871/09/15 - 1887/02/21),1830-03-08,False,Rawdon Township,,Lower Canada,False,False,1889-03-16,False
15270,Dumouchel,Léandre,Léandre Dumouchel,M,,Conservative (1867-1942) (1867/10/23 - 1882/09/24),Mille Isles (1867/10/23 - 1882/09/24),Quebec,Senator (1867/10/23 - 1882/09/24),1811-03-29,False,Saint-Benoît,,Lower Canada,False,False,1882-09-24,True
10899,Dunkin,Christophe,Christopher Dunkin,M,,Conservative (1867-1942) (1869/11/29 - 1871/10/24)|Conservative (1867-1942) (1867/09/20 - 1869/11/15),Brome (1869/11/29 - 1871/10/24)|Brome (1867/09/20 - 1869/11/15),Quebec|Quebec,MP (1869/11/29 - 1871/10/24)|MP (1867/09/20 - 1869/11/15),1812-09-25,False,Walworth,,England,False,False,1881-01-06,False
8483,Ferguson,Lieut. Col. John,Lieut. Col. John Ferguson,M,,Conservative (1867-1942) (1867/10/23 - 1888/08/21),Bathurst (1867/10/23 - 1888/08/21),New Brunswick,Senator (1867/10/23 - 1888/08/21),1813-11-20,False,,Ayrshire,Scotland,False,False,1888-08-21,True
7999,Ferguson,Thomas Roberts,Thomas Roberts Ferguson,M,,Conservative (1867-1942) (1867/09/20 - 1872/10/11),Cardwell (1867/09/20 - 1872/10/11),Ontario,MP (1867/09/20 - 1872/10/11),1818-12-01,True,Drumco,County Cavan,Ireland,False,False,1879-09-15,False
4296,Ferrie,James,James Ferrie,M,,Conservative (1867-1942) (1867/10/23 - 1888/05/30),Shawinigan (1867/10/23 - 1888/05/30),Quebec,Senator (1867/10/23 - 1888/05/30),1800-10-22,False,,,Scotland,False,False,1888-05-30,True
11654,Ferris,John,John Ferris,M,,Liberal Party of Canada (1867/09/20 - 1878/09/16),Queen's (1867/09/20 - 1878/09/16),New Brunswick,MP (1867/09/20 - 1878/09/16),1811-01-09,False,Cambridge,New Brunswick,Canada,False,False,1884-11-03,False
10842,Fishe,Charles,Charles Fishe,M,,Liberal Party of Canada (1867/09/20 - 1868/10/03),York (1867/09/20 - 1868/10/03),New Brunswick,MP (1867/09/20 - 1868/10/03),1808-08-15,False,Fredericton,New Brunswick,Canada,False,False,1880-12-08,False
13926,Flint,Billa,Billa Flint,M,,Liberal Party of Canada (1867/10/23 - 1894/06/15),Trent (1867/10/23 - 1894/06/15),Ontario,Senator (1867/10/23 - 1894/06/15),1805-02-09,False,Elizabethtown,,Upper Canada,False,False,1894-06-15,True
11513,Forbes,James Frase,James Fraser Forbes,M,,Liberal Party of Canada (1882/06/20 - 1887/02/21)|Liberal Party of Canada (1869/01/30 - 1878/09/16)|Anti-Confederate (1867/09/20 - 1869/01/29),Queens (1882/06/20 - 1887/02/21)|Queens (1867/09/20 - 1878/09/16),Nova Scotia|Nova Scotia,MP (1882/06/20 - 1887/02/21)|MP (1867/09/20 - 1878/09/16),1820-01-01,True,,,Gibralta,False,False,1887-05-18,False
11781,Fortie,Moïse,Moïse Fortie,M,,Liberal Party of Canada (1867/09/20 - 1872/10/11),Yamaska (1867/09/20 - 1872/10/11),Quebec,MP (1867/09/20 - 1872/10/11),1815-11-06,False,Saint-Léon,Quebec,Canada,False,False,1877-10-17,False
4248,Fortin,Pierre,Pierre Fortin,M,,Conservative (1867-1942) (1887/05/13 - 1888/06/15)|Conservative (1867-1942) (1878/09/17 - 1887/02/21)|Conservative (1867-1942) (1867/09/20 - 1874/01/21),Kennebec (1887/05/13 - 1888/06/15)|Gaspé (1878/09/17 - 1887/02/21)|Gaspé (1867/09/20 - 1874/01/21),Quebec|Quebec|Quebec,MP (1878/09/17 - 1887/02/21)|MP (1867/09/20 - 1874/01/21)|Senator (1887/05/13 - 1888/06/15),1823-12-14,False,Verchères,,Lower Canada,False,False,1888-06-15,True
4113,Foste,Asa Belknap,Asa Belknap Foste,M,,Conservative (1867-1942) (1867/10/23 - 1876/02/10),Bedford (1867/10/23 - 1876/02/10),Quebec,Senator (1867/10/23 - 1876/02/10),1817-04-21,False,Newfane,Vermont,United States,False,False,1877-11-01,False
2331,Fournie,Télesphore,Télesphore Fournie,M,,Liberal Party of Canada (1870/08/15 - 1875/10/07),Bellechasse (1870/08/15 - 1875/10/07),Quebec,MP (1870/08/15 - 1875/10/07),1823-08-05,False,Saint-François de la Rivière-du-Sud,,Lower Canada,False,False,1896-05-10,False
6717,Galt,Alexander Tilloch,Alexander Tilloch Galt,M,,Liberal-Conservative (1867/09/20 - 1872/10/11),Sherbrooke (Town of) (1867/09/20 - 1872/10/11),Quebec,MP (1867/09/20 - 1872/10/11),1817-09-06,False,Chelsea,,England,False,False,1893-09-19,False
13257,Gauche,Guillaume Gamelin,Guillaume Gamelin Gauche,M,,Conservative (1867-1942) (1867/09/20 - 1872/10/11),Jacques Cartier (1867/09/20 - 1872/10/11),Quebec,MP (1867/09/20 - 1872/10/11),1810-08-16,False,Sault-Saint-Louis,,Lower Canada,False,False,1885-09-06,False
8890,Gaudet,Joseph,Joseph Gaudet,M,,Conservative (1867-1942) (1867/09/20 - 1877/10/30),Nicolet (1867/09/20 - 1877/10/30),Quebec,MP (1867/09/20 - 1877/10/30),1818-05-10,False,Gentilly,,Lower Canada,False,False,1882-08-04,False
12636,Gendron,Pierre Samuel,Pierre Samuel Gendron,M,,Conservative (1867-1942) (1867/09/20 - 1874/01/21),Bagot (1867/09/20 - 1874/01/21),Quebec,MP (1867/09/20 - 1874/01/21),1828-08-31,False,Sainte-Rosalie,,Lower Canada,False,False,1889-06-11,False
15833,Geoffrion,Félix,Félix Geoffrion,M,,Liberal Party of Canada (1874/07/25 - 1894/08/07)|Liberal Party of Canada (1867/09/20 - 1874/07/07),Verchères (1874/07/25 - 1894/08/07)|Verchères (1867/09/20 - 1874/07/07),Quebec|Quebec,MP (1874/07/25 - 1894/08/07)|MP (1867/09/20 - 1874/07/07),1832-10-03,False,Varennes,,Lower Canada,False,True,1894-08-07,True
2673,Gibbs,Thomas Nicholson,Thomas Nicholson Gibbs,M,,Liberal-Conservative (1880/04/03 - 1883/04/07)|Liberal-Conservative (1876/07/05 - 1878/09/16)|Liberal-Conservative (1873/07/07 - 1874/01/21)|Liberal-Conservative (1867/09/20 - 1873/06/13),Newmarket (1880/04/03 - 1883/04/07)|Ontario South (1876/07/05 - 1878/09/16)|Ontario South (1873/07/07 - 1874/01/21)|Ontario South (1867/09/20 - 1873/06/13),Ontario|Ontario|Ontario|Ontario,MP (1876/07/05 - 1878/09/16)|MP (1873/07/07 - 1874/01/21)|MP (1867/09/20 - 1873/06/13)|Senator (1880/04/03 - 1883/04/07),1821-03-11,False,Terrebonne,,Lower Canada,False,False,1883-04-07,True
16561,Girard,Marc-Amable,Marc-Amable Girard,M,,Conservative (1867-1942) (1871/12/13 - 1892/09/12),St-Boniface (1871/12/13 - 1892/09/12),Manitoba,Senator (1871/12/13 - 1892/09/12),1822-04-25,False,Varennes,,Lower Canada,False,False,1892-09-12,True
7577,Glasie,John,John Glasie,M,,Liberal Party of Canada (1868/03/14 - 1894/07/07),Sunbury (1868/03/14 - 1894/07/07),New Brunswick,Senator (1868/03/14 - 1894/07/07),1809-09-03,False,Lincoln,New Brunswick,Canada,False,False,1894-07-07,True
7725,Godin,François Benjamin,François Benjamin Godin,M,,Liberal Party of Canada (1867/09/20 - 1872/10/11),Joliette (1867/09/20 - 1872/10/11),Quebec,MP (1867/09/20 - 1872/10/11),1828-03-28,False,Saint-Constant,,Lower Canada,False,False,1888-03-03,False
8892,Grant,James Alexande,James Alexander Grant,M,,Conservative (1867-1942) (1893/12/07 - 1896/06/22)|Conservative (1867-1942) (1867/09/20 - 1874/01/21),Ottawa (City of) (1893/12/07 - 1896/06/22)|Russell (1867/09/20 - 1874/01/21),Ontario|Ontario,MP (1893/12/07 - 1896/06/22)|MP (1867/09/20 - 1874/01/21),1831-08-11,False,Inverness,,Scotland,False,False,1920-02-05,False
14529,Gray,John Hamilton,John Hamilton Gray,M,,Conservative (1867-1942) (1867/09/20 - 1872/07/01),St. John (City and County of) (1867/09/20 - 1872/07/01),New Brunswick,MP (1867/09/20 - 1872/07/01),1814-01-01,True,Saint-George,,Bermuda,False,False,1889-06-05,False
4224,Grove,Peregrine Maitland,Peregrine Maitland Grove,M,,Conservative (1867-1942) (1867/09/20 - 1874/01/21),Peterborough East (1867/09/20 - 1874/01/21),Ontario,MP (1867/09/20 - 1874/01/21),1818-10-17,False,Haldimand Township,,Upper Canada,False,False,1885-05-28,False
5374,Guévremont,Jean-Baptiste,Jean-Baptiste Guévremont,M,,Conservative (1867-1942) (1867/10/23 - 1896/06/14),Saurel (1867/10/23 - 1896/06/14),Quebec,Senator (1867/10/23 - 1896/06/14),1826-09-04,False,Isle-Dupas,,Lower Canada,False,False,1896-12-05,False
14806,Haga,Albert Pete,Albert Peter Haga,M,,Liberal Party of Canada (1867/09/20 - 1878/09/16),Prescott (1867/09/20 - 1878/09/16),Ontario,MP (1867/09/20 - 1878/09/16),1827-01-01,True,North Plantagenet Township,,Upper Canada,False,False,1924-09-14,False
8466,Hamilton,John (1802-1882),John (1802-1882) Hamilton,M,,Conservative (1867-1942) (1867/10/23 - 1882/10/10),Kingston (1867/10/23 - 1882/10/10),Ontario,Senator (1867/10/23 - 1882/10/10),1802-01-01,True,Queenston,,Upper Canada,False,False,1882-10-10,True
14809,Hamilton,John (1827-1888),John (1827-1888) Hamilton,M,,Conservative (1867-1942) (1867/10/23 - 1887/05/01),Inkerman (1867/10/23 - 1887/05/01),Quebec,Senator (1867/10/23 - 1887),1827-12-16,False,Hawkesbury,,Upper Canada,False,False,1888-04-03,False
364,Harrison,Robert Alexande,Robert Alexander Harrison,M,,Conservative (1867-1942) (1867/09/20 - 1872/10/11),Toronto West (1867/09/20 - 1872/10/11),Ontario,MP (1867/09/20 - 1872/10/11),1833-08-03,False,Montreal,,Lower Canada,False,False,1878-11-01,False
4275,Hazen,Robert Leonard,Robert Leonard Hazen,M,,Conservative (1867-1942) (1867/10/23 - 1874/08/15),New Brunswick (1867/10/23 - 1874/08/15),New Brunswick,Senator (1867/10/23 - 1874/08/15),1808-10-15,False,Fredericton,New Brunswick,Canada,False,False,1874-08-15,True
13210,Heath,Edmund,Edmund Heath,M,,Conservative (1867-1942) (1867/09/20 - 1872/10/11),Pontiac (1867/09/20 - 1872/10/11),Quebec,MP (1867/09/20 - 1872/10/11),1813-09-13,False,Bristol,,England,False,False,1883-01-21,False
11202,Hincks,Francis,Francis Hincks,M,,Liberal-Conservative (1869/11/13 - 1874/01/21),Vancouver (1872/10/12 - 1874/01/21)|Renfrew North (1869/11/13 - 1872/10/11),British Columbia|Ontario,MP (1872/10/12 - 1874/01/21)|MP (1869/11/13 - 1872/10/11),1807-12-14,False,Cork,,Ireland,False,False,1885-08-18,False
16272,Holmes,John,John Holmes,M,,Conservative (1867-1942) (1867/10/23 - 1876/06/03),Nova Scotia (1867/10/23 - 1876/06/03),Nova Scotia,Senator (1867/10/23 - 1876/06/03),1789-03-01,True,,Ross-shire,Scotland,False,False,1876-06-03,True
13564,Holmes,John,John Holmes,M,,Liberal-Conservative (1867/09/20 - 1872/10/11),Carleton (1867/09/20 - 1872/10/11),Ontario,MP (1867/09/20 - 1872/10/11),1828-01-01,True,Newtownforbes,Longford,Ireland,False,False,1879-09-24,False
10883,Holton,Luther Hamilton,Luther Hamilton Holton,M,,Liberal Party of Canada (1867/09/20 - 1880/03/14),Châteauguay (1867/09/20 - 1880/03/14),Quebec,MP (1867/09/20 - 1880/03/14),1817-01-22,False,Sheffield's Corne,,Upper Canada,False,True,1880-03-14,True
9869,Houghton,Charles Frederick,Charles Frederick Houghton,M,,Liberal Party of Canada (1871/12/19 - 1872/10/11),Yale District (1871/12/19 - 1872/10/11),British Columbia,MP (1871/12/19 - 1872/10/11),1839-04-26,False,County Kilkenny,,Ireland,False,False,1898-08-13,False
3928,Howe,Joseph,Joseph Howe,M,,Liberal-Conservative (1869/04/24 - 1873/05/06)|Anti-Confederate (1867/09/20 - 1869/01/29),Hants (1869/04/24 - 1873/05/06)|Hants (1867/09/20 - 1869/01/29),Nova Scotia|Nova Scotia,MP (1869/04/24 - 1873/05/06)|MP (1867/09/20 - 1869/01/29),1804-12-13,False,Halifax,Nova Scotia,Canada,False,False,1873-06-01,False
10275,Howland,William Pierce,William Pierce Howland,M,,Liberal-Conservative (1867/09/20 - 1868/07/14),York West (1867/09/20 - 1868/07/14),Ontario,MP (1867/09/20 - 1868/07/14),1811-05-29,False,Paulings,New York,United States,False,False,1907-01-01,False
10630,Huntington,Lucius Seth,Lucius Seth Huntington,M,,Liberal Party of Canada (1867/09/20 - 1882/06/19),Shefford (1867/09/20 - 1882/06/19),Quebec,MP (1867/09/20 - 1882/06/19),1827-05-26,False,Compton,,Lower Canada,False,False,1886-05-19,False
6196,Huot,Pierre-Gabriel,Pierre-Gabriel Huot,M,,Liberal Party of Canada (1867/09/20 - 1870/06/14),Quebec East (1867/09/20 - 1870/06/14),Quebec,MP (1867/09/20 - 1870/06/14),1825-01-22,False,Québec,,Lower Canada,False,False,1913-09-01,False
8983,Hurdon,Francis,Francis Hurdon,M,,Conservative (1867-1942) (1867/09/20 - 1872/10/11),Bruce South (1867/09/20 - 1872/10/11),Ontario,MP (1867/09/20 - 1872/10/11),1834-06-18,False,Camelford,Cornwall,England,False,False,1914-12-19,False
17048,Hutchison,Richard,Richard Hutchison,M,,Liberal Party of Canada (1868/12/24 - 1872/10/11),Northumberland (1868/12/24 - 1872/10/11),New Brunswick,MP (1868/12/24 - 1872/10/11),1812-01-20,False,Mearns,Renfrewshire,Scotland,False,False,1891-09-27,False
9117,Irvine,George,George Irvine,M,,Conservative (1867-1942) (1867/09/20 - 1872/10/11),Mégantic (1867/09/20 - 1872/10/11),Quebec,MP (1867/09/20 - 1872/10/11),1826-11-16,False,Québec,,Lower Canada,False,False,1897-02-24,False
12995,Jackson,George,George Jackson,M,,Liberal-Conservative (1878/09/17 - 1882/06/19)|Conservative (1867-1942) (1867/09/20 - 1872/10/11),Grey South (1878/09/17 - 1882/06/19)|Grey South (1867/09/20 - 1872/10/11),Ontario|Ontario,MP (1878/09/17 - 1882/06/19)|MP (1867/09/20 - 1872/10/11),1809-12-01,True,Hutton,Yorkshire,England,False,False,1885-03-06,False
12428,Johnson,John Merce,John Mercer Johnson,M,,Liberal Party of Canada (1867/09/20 - 1868/11/08),Northumberland (1867/09/20 - 1868/11/08),New Brunswick,MP (1867/09/20 - 1868/11/08),1818-10-01,True,Liverpool,,England,False,True,1868-11-08,True
7680,Joly de Lotbinière,Henri Gustave,Henri Gustave Joly de Lotbinière,M,,Liberal Party of Canada (1896/06/23 - 1900/11/06)|Liberal Party of Canada (1867/09/20 - 1874/01/21),Portneuf (1896/06/23 - 1900/11/06)|Lotbinière (1867/09/20 - 1874/01/21),Quebec|Quebec,MP (1896/06/23 - 1900/11/06)|MP (1867/09/20 - 1874/01/21),1829-12-05,False,Epernay,,France,False,False,1908-11-16,False
6709,Jones,Alfred Gilpin,Alfred Gilpin Jones,M,,Liberal Party of Canada (1887/02/22 - 1891/03/04)|Independent (1874/01/22 - 1878/09/16)|Independent (1869/01/30 - 1872/10/11)|Anti-Confederate (1867/09/20 - 1869/01/29),Halifax (1887/02/22 - 1891/03/04)|Halifax (1878/01/29 - 1878/09/16)|Halifax (1874/01/22 - 1877/12/31)|Halifax (1867/09/20 - 1872/10/11),Nova Scotia|Nova Scotia|Nova Scotia|Nova Scotia,MP (1887/02/22 - 1891/03/04)|MP (1878/01/29 - 1878/09/16)|MP (1874/01/22 - 1877/12/31)|MP (1867/09/20 - 1872/10/11),1824-09-24,False,Weymouth,Nova Scotia,Canada,False,False,1906-03-15,False
9614,Jones,Francis,Francis Jones,M,,Conservative (1867-1942) (1867/09/20 - 1874/01/21),Leeds North and Grenville North (1867/09/20 - 1874/01/21),Ontario,MP (1867/09/20 - 1874/01/21),1815-11-01,False,Ballakillane,County Carlow,Ireland,False,False,1887-08-02,False
6642,Kaulback,Henry Adolphus Newman,Henry Adolphus Newman Kaulback,M,,Conservative (1867-1942) (1872/03/27 - 1896/01/08),Lunenburg (1872/03/27 - 1896/01/08),Nova Scotia,Senator (1872/03/27 - 1896/01/08),1830-12-28,False,Lunenburg,Nova Scotia,Canada,False,False,1896-01-08,True
4217,Keele,Joseph,Joseph Keele,M,,Liberal-Conservative (1878/09/17 - 1881/01/21)|Liberal-Conservative (1867/09/20 - 1874/01/21),Northumberland East (1878/09/17 - 1881/01/21)|Northumberland East (1867/09/20 - 1874/01/21),Ontario|Ontario,MP (1878/09/17 - 1881/01/21)|MP (1867/09/20 - 1874/01/21),1824-05-24,False,Cramahe Township,,Upper Canada,False,True,1881-01-21,True
3596,Kempt,George,George Kempt,M,,Liberal Party of Canada (1867/09/20 - 1872/10/11),Victoria South (1867/09/20 - 1872/10/11),Ontario,MP (1867/09/20 - 1872/10/11),1821-07-08,False,Cromarty,,Scotland,False,False,1885-03-09,False
12993,Kenny,Edward,Edward Kenny,M,,Conservative (1867-1942) (1867/10/23 - 1876/04/11),Nova Scotia (1867/10/23 - 1876/04/11),Nova Scotia,Senator (1867/10/23 - 1876/04/11),1800-07-01,True,,County Kerry,Ireland,False,False,1891-05-16,False
9696,Kierzkowski,Alexandre Edouard,Alexandre Edouard Kierzkowski,M,,Liberal Party of Canada (1867/09/20 - 1870/08/04),St. Hyacinthe (1867/09/20 - 1870/08/04),Quebec,MP (1867/09/20 - 1870/08/04),1816-11-21,False,,,Poland,False,True,1870-08-04,True
3239,Killam,Frank,Frank Killam,M,,Liberal Party of Canada (1869/04/20 - 1882/06/19),Yarmouth (1869/04/20 - 1882/06/19),Nova Scotia,MP (1869/04/20 - 1882/06/19),1843-09-03,False,Yarmouth,Nova Scotia,Canada,False,False,1911-04-23,False
15248,Killam,Thomas,Thomas Killam,M,,Anti-Confederate (1867/09/20 - 1868/12/15),Yarmouth (1867/09/20 - 1868/12/15),Nova Scotia,MP (1867/09/20 - 1868/12/15),1802-02-08,False,Yarmouth,Nova Scotia,Canada,False,True,1868-12-15,True
1233,Kirkpatrick,George Airey,George Airey Kirkpatrick,M,,Conservative (1867-1942) (1870/04/27 - 1892/05/30),Frontenac (1870/04/27 - 1892/05/30),Ontario,MP (1870/04/27 - 1892/05/30),1841-09-13,False,Kingston,,Canada West,False,False,1899-12-13,False
9433,Kirkpatrick,Thomas,Thomas Kirkpatrick,M,,Conservative (1867-1942) (1867/09/20 - 1870/03/26),Frontenac (1867/09/20 - 1870/03/26),Ontario,MP (1867/09/20 - 1870/03/26),1805-12-25,False,Coolmine,,Ireland,False,True,1870-03-26,True
4033,Lacerte,Élie,Élie Lacerte,M,,Conservative (1867-1942) (1868/10/30 - 1874/01/21),Saint Maurice (1868/10/30 - 1874/01/21),Quebec,MP (1868/10/30 - 1874/01/21),1821-11-15,False,Saint-Sévère,,Lower Canada,False,False,1898-03-22,False
5621,Lacoste,Louis,Louis Lacoste,M,,Conservative (1867-1942) (1867/10/23 - 1878/11/26),Montarville (1867/10/23 - 1878/11/26),Quebec,Senator (1867/10/23 - 1878/11/26),1798-04-03,False,Boucherville,,Lower Canada,False,False,1878-11-26,True
12908,Langevin,Hector-Louis,Hector-Louis Langevin,M,,Conservative (1867-1942) (1878/11/21 - 1896/06/22)|Conservative (1867-1942) (1877/03/23 - 1878/09/16)|Conservative (1867-1942) (1876/01/22 - 1876/11/05)|Conservative (1867-1942) (1867/09/20 - 1874/01/22),Three Rivers (1891/03/05 - 1896/06/22)|Richelieu (1891/03/05 - 1891/12/14)|Three Rivers (1878/11/21 - 1891/03/04)|Charlevoix (1877/03/23 - 1878/08/17)|Charlevoix (1876/01/22 - 1876/11/05)|Dorchester (1867/09/20 - 1874/01/21),Quebec|Quebec|Quebec|Quebec|Quebec|Quebec,MP (1891/03/05 - 1896/06/22)|MP (1891/03/05 - 1891/12/14)|MP (1878/11/21 - 1891/03/04)|MP (1877/03/23 - 1878/08/17)|MP (1876/01/22 - 1876/11/05)|MP (1867/09/20 - 1874/01/21),1826-08-25,False,Québec,,Lower Canada,False,False,1906-06-11,False
3131,Langlois,Jean,Jean Langlois,M,,Conservative (1867-1942) (1867/12/11 - 1878/09/16),Montmorency (1867/12/11 - 1878/09/16),Quebec,MP (1867/12/11 - 1878/09/16),1824-02-16,False,"Saint-Laurent, Ile-d'Orléans",Quebec,Lower Canada,False,False,1886-03-08,False
10220,Lapum,James N.,James N. Lapum,M,,Conservative (1867-1942) (1867/09/20 - 1872/10/11),Addington (1867/09/20 - 1872/10/11),Ontario,MP (1867/09/20 - 1872/10/11),1819-07-01,True,Ernestown,,Upper Canada,False,False,1879-07-26,False
7540,Lawson,Pete,Peter Lawson,M,,Liberal Party of Canada (1867/09/20 - 1872/10/11),Norfolk South (1867/09/20 - 1872/10/11),Ontario,MP (1867/09/20 - 1872/10/11),1821-01-10,False,Woodstock,Connecticut,United States,False,False,1911-03-22,False
5679,Le Vesconte,Isaac,Isaac Le Vesconte,M,,Conservative (1867-1942) (1869/04/20 - 1874/01/21),Richmond (1869/04/20 - 1874/01/21),Nova Scotia,MP (1869/04/20 - 1874/01/21),1822-08-12,False,Saint-Aubins,Island of Jersey,England,False,False,1879-10-26,False
6345,Leonard,Elijah,Elijah Leonard,M,,Liberal Party of Canada (1867/10/23 - 1891/05/14),London (1867/10/23 - 1891/05/14),Ontario,Senator (1867/10/23 - 1891/05/14),1814-09-10,False,Syracuse,New York,United States,False,False,1891-05-14,True
10939,Leslie,James,James Leslie,M,,Conservative (1867-1942) (1867/10/23 - 1873/12/06),Alma (1867/10/23 - 1873/12/06),Quebec,Senator (1867/10/23 - 1873/12/06),1786-09-04,False,Kai,Kincardine,Scotland,False,False,1873-12-06,True
15209,Letellier de Saint-Just,Luc,Luc Letellier de Saint-Just,M,,Nationalist Liberal (1867/10/23 - 1876/12/14),Grandville (1867/10/23 - 1876/12/14),Quebec,Senator (1867/10/23 - 1876/12/14),1820-05-12,False,Rivière-Ouelle,,Lower Canada,False,False,1881-01-28,False
621,Little,William Carruthers,William Carruthers Little,M,,Liberal-Conservative (1867/09/20 - 1881/12/31),Simcoe South (1867/09/20 - 1881/12/31),Ontario,MP (1867/09/20 - 1881/12/31),1820-01-01,True,,Gloucestershire,England,False,True,1881-12-31,True
3289,Locke,John,John Locke,M,,Liberal Party of Canada (1867/10/23 - 1873/12/12),Nova Scotia (1867/10/23 - 1873/12/12),Nova Scotia,Senator (1867/10/23 - 1873/12/12),1825-09-15,False,Locke's Island,Nova Scotia,Canada,False,False,1873-12-12,True
9862,Lynch,James S.,James S. Lynch,M,,Liberal Party of Canada (1871/03/02 - 1872/10/11),Marquette (1871/03/02 - 1872/10/11),Manitoba,MP (1871/03/02 - 1872/10/11),1841-01-01,True,London,,Canada West,False,False,1894-07-22,False
8309,Macdonald,Donald Alexande,Donald Alexander Macdonald,M,,Liberal Party of Canada (1867/09/20 - 1875/05/17),Glengarry (1867/09/20 - 1875/05/17),Ontario,MP (1867/09/20 - 1875/05/17),1817-02-17,False,Saint-Raphael,,Upper Canada,False,False,1896-06-10,False
4997,Macdonald,John Alexande,John Alexander Macdonald,M,,Liberal-Conservative (1867/07/01 - 1891/06/06),Kingston (1887/02/22 - 1891/06/06)|Carleton (1882/06/20 - 1887/12/29)|Lennox (1882/06/20 - 1883/10/23)|Victoria (1878/09/17 - 1882/06/19)|Marquette (1878/09/17 - 1878/10/15)|Kingston (1874/12/29 - 1878/09/16)|Kingston (1867/09/20 - 1874/11/21),Ontario|Ontario|Ontario|British Columbia|Manitoba|Ontario|Ontario,MP (1887/02/22 - 1891/06/06)|MP (1882/06/20 - 1887/12/29)|MP (1882/06/20 - 1883/10/23)|MP (1878/09/17 - 1882/06/19)|MP (1878/09/17 - 1878/10/15)|MP (1874/12/29 - 1878/09/16)|MP (1867/09/20 - 1874/11/21),1815-01-11,False,Glasgow,,Scotland,False,True,1891-06-06,True
10973,Macdonald,John Sandfield,John Sandfield Macdonald,M,,Liberal Party of Canada (1867/09/20 - 1872/06/01),Cornwall (1867/09/20 - 1872/06/01),Ontario,MP (1867/09/20 - 1872/06/01),1812-12-12,False,Saint-Raphael,,Upper Canada,False,True,1872-06-01,True
16496,Macdonald,William John,William John Macdonald,M,,Conservative (1867-1942) (1871/12/13 - 1915/04/13),Victoria City (1871/12/13 - 1915/04/13),British Columbia,Senator (1871/12/13 - 1915/04/13),1832-11-29,False,Isle of Skye,,Scotland,False,False,1916-10-25,False
4718,Macfarlane,Alexande,Alexander Macfarlane,M,,Conservative (1867-1942) (1870/10/10 - 1898/12/14),Wallace (1870/10/10 - 1898/12/14),Nova Scotia,Senator (1870/10/10 - 1898/12/14),1818-06-17,False,Wallace,Nova Scotia,Canada,False,False,1898-12-14,True
13955,MacFarlane,Robert,Robert MacFarlane,M,,Liberal Party of Canada (1867/09/20 - 1872/06/01),Perth South (1867/09/20 - 1872/06/01),Ontario,MP (1867/09/20 - 1872/06/01),1835-03-23,False,Pakenham,,Upper Canada,False,True,1872-06-01,True
16254,Mackenzie,Alexande,Alexander Mackenzie,M,,Liberal Party of Canada (1873/11/25 - 1892/04/17)|Liberal Party of Canada (1867/09/20 - 1873/11/07),York East (1882/06/20 - 1892/04/17)|Lambton (1867/09/20 - 1882/06/19),Ontario|Ontario,MP (1882/06/20 - 1892/04/17)|MP (1867/09/20 - 1882/06/19),1822-01-28,False,Logierait,Perthshire,Scotland,False,True,1892-04-17,True
12651,Macpherson,David Lewis,David Lewis Macpherson,M,,Conservative (1867-1942) (1867/10/23 - 1896/08/16),Saugeen (1867/10/23 - 1896/08/16),Ontario,Senator (1867/10/23 - 1896/08/16),1818-09-12,False,Castle Leathers,Inverness,Scotland,False,False,1896-08-16,True
3209,Magill,Charles,Charles Magill,M,,Liberal Party of Canada (1867/09/20 - 1872/10/11),Hamilton (1867/09/20 - 1872/10/11),Ontario,MP (1867/09/20 - 1872/10/11),1816-03-01,False,Westport,County Mayo,Ireland,False,False,1898-12-01,False
8727,Malhiot,Charles-Christophe,Charles-Christophe Malhiot,M,,Liberal Party of Canada (1867/10/23 - 1874/11/09),De la Vallière (1867/10/23 - 1874/11/09),Quebec,Senator (1867/10/23 - 1874/11/09),1808-10-11,False,Verchères,,Lower Canada,False,False,1874-11-09,True
4984,Masson,Louis-François-Rodrigue,Louis-François-Rodrigue Masson,M,,Conservative (1867-1942) (1890/02/03 - 1903/06/11)|Conservative (1867-1942) (1882/09/29 - 1887/02/01)|Conservative (1867-1942) (1878/11/06 - 1882/06/19)|Conservative (1867-1942) (1867/09/20 - 1878/10/18),Mille Isles (1890/02/03 - 1903/06/11)|Mille Isles (1882/09/29 - 1887/02/01)|Terrebonne (1878/11/06 - 1882/06/19)|Terrebonne (1867/09/20 - 1878/10/18),Quebec|Quebec|Quebec|Quebec,MP (1878/11/06 - 1882/06/19)|MP (1867/09/20 - 1878/10/18)|Senator (1890/02/03 - 1903/06/11)|Senator (1882/09/29 - 1887/02/01),1833-11-06,False,Terrebonne,,Lower Canada,False,False,1903-11-08,False
10517,Masson,Luc Hyacinthe,Luc Hyacinthe Masson,M,,Conservative (1867-1942) (1867/09/20 - 1872/10/11),Soulanges (1867/09/20 - 1872/10/11),Quebec,MP (1867/09/20 - 1872/10/11),1811-08-16,False,Saint-Benoît,,Lower Canada,False,False,1880-10-18,False
16763,Matheson,Roderick,Roderick Matheson,M,,Conservative (1867-1942) (1867/10/23 - 1873/01/13),Ontario (1867/10/23 - 1873/01/13),Ontario,Senator (1867/10/23 - 1873/01/13),1793-12-01,True,Lochcarron,Ross-shire,Scotland,False,False,1873-01-13,True
9607,McCallum,Lachlin,Lachlin McCallum,M,,Liberal-Conservative (1887/02/04 - 1903/01/13)|Liberal-Conservative (1875/06/22 - 1887/02/03)|Liberal-Conservative (1874/01/22 - 1875/05/12)|Liberal-Conservative (1867/09/20 - 1872/10/11),Monck (1887/02/04 - 1903/01/13)|Monck (1875/06/22 - 1887/02/03)|Monck (1874/01/22 - 1875/05/12)|Monck (1867/09/20 - 1872/10/11),Ontario|Ontario|Ontario|Ontario,MP (1875/06/22 - 1887/02/03)|MP (1874/01/22 - 1875/05/12)|MP (1867/09/20 - 1872/10/11)|Senator (1887/02/04 - 1903/01/13),1823-03-15,False,Isle of Tiree,Argyleshire,Scotland,False,False,1903-01-13,True
14436,McCarthy,Thomas,Thomas McCarthy,M,,Conservative (1867-1942) (1867/09/20 - 1870/09/23),Richelieu (1867/09/20 - 1870/09/23),Quebec,MP (1867/09/20 - 1870/09/23),1832-01-01,True,Cork,,Ireland,False,True,1870-09-23,True
13344,McClelan,Abner Reid,Abner Reid McClelan,M,,Liberal Party of Canada (1867/10/23 - 1896/12/09),New Brunswick (1867/10/23 - 1896/12/09),New Brunswick,Senator (1867/10/23 - 1896/12/09),1831-01-04,False,Hopewell,New Brunswick,Canada,False,False,1917-01-30,False
3867,McConkey,Thomas David,Thomas David McConkey,M,,Liberal Party of Canada (1867/09/20 - 1872/10/11),Simcoe North (1867/09/20 - 1872/10/11),Ontario,MP (1867/09/20 - 1872/10/11),1815-07-29,False,,County Tyrone,Ireland,False,False,1890-02-21,False
14606,McCrea,Walte,Walter McCrea,M,,Liberal Party of Canada (1867/10/23 - 1871/01/05),Ontario (1867/10/23 - 1871/01/05),Ontario,Senator (1867/10/23 - 1871/01/05),1810-11-10,False,Burritt's Rapids,,Upper Canada,False,False,1892-06-30,False
5855,McCully,Jonathan,Jonathan McCully,M,,Liberal Party of Canada (1867/10/23 - 1870/09/28),Nova Scotia (1867/10/23 - 1870/09/28),Nova Scotia,Senator (1867/10/23 - 1870/09/28),1809-07-25,False,Maccan,Nova Scotia,Canada,False,False,1877-01-02,False
3899,McDonald,Angus Pete,Angus Peter McDonald,M,,Conservative (1867-1942) (1867/09/20 - 1872/10/11),Middlesex West (1867/09/20 - 1872/10/11),Ontario,MP (1867/09/20 - 1872/10/11),1813-01-01,True,,,Canada,False,False,1889-01-22,False
14373,McDonald,Donald,Donald McDonald,M,,Liberal Party of Canada (1867/10/23 - 1879/01/20),Ontario Divisional (1867/10/23 - 1879/01/20),Ontario (Division),Senator (1867/10/23 - 1879/01/20),1816-01-01,True,Caledonia,New York,United States,False,False,1879-01-20,True
2337,McDonald,Edmund Mortime,Edmund Mortimer McDonald,M,,Liberal-Conservative (1869/01/30 - 1872/10/11)|Anti-Confederate (1867/09/20 - 1869/01/29),Lunenburg (1867/09/20 - 1872/10/11),Nova Scotia,MP (1867/09/20 - 1872/10/11),1825-09-29,False,West Rive,Nova Scotia,Canada,False,False,1874-05-25,False
15089,McDonald,Hugh,Hugh McDonald,M,,Liberal-Conservative (1873/07/07 - 1873/11/04)|Liberal-Conservative (1869/01/30 - 1873/06/13)|Anti-Confederate (1867/09/20 - 1869/01/29),Antigonish (1867/09/20 - 1873/11/04),Nova Scotia,MP (1867/09/20 - 1873/11/04),1827-05-04,False,South Rive,Nova Scotia,Canada,False,False,1899-02-28,False
11408,McDougall,John Lorn,John Lorn McDougall,M,,Liberal Party of Canada (1875/02/20 - 1878/09/16)|Liberal Party of Canada (1874/10/24 - 1875/01/21)|Liberal Party of Canada (1874/01/22 - 1874/09/09)|Liberal Party of Canada (1869/07/12 - 1872/10/11),Renfrew South (1875/02/20 - 1878/09/16)|Renfrew South (1874/10/24 - 1875/01/21)|Renfrew South (1874/01/22 - 1874/09/08)|Renfrew South (1869/07/12 - 1872/10/11),Ontario|Ontario|Ontario|Ontario,MP (1875/02/20 - 1878/09/16)|MP (1874/10/24 - 1875/01/21)|MP (1874/01/22 - 1874/09/08)|MP (1869/07/12 - 1872/10/11),1838-11-06,False,Renfrew,,Upper Canada,False,False,1909-01-15,False
16821,McDougall,William,William McDougall,M,,Conservative (1867-1942) (1868/10/17 - 1878/11/11),Three Rivers (1868/10/17 - 1878/11/11),Quebec,MP (1868/10/17 - 1878/11/11),1831-01-01,True,,,Scotland,False,False,1886-03-03,False
11878,McDougall,William,William McDougall,M,,Liberal-Conservative (1878/09/17 - 1882/06/19)|Liberal-Conservative (1867/09/20 - 1872/10/11),Halton (1878/09/17 - 1882/06/19)|Lanark North (1867/09/20 - 1872/10/11),Ontario|Ontario,MP (1878/09/17 - 1882/06/19)|MP (1867/09/20 - 1872/10/11),1822-01-25,False,Toronto,Ontario,Upper Canada,False,False,1905-05-29,False
12966,McGee,Thomas D'Arcy,Thomas D'Arcy McGee,M,,Liberal-Conservative (1867/09/20 - 1868/04/07),Montreal West (1867/09/20 - 1868/04/07),Quebec,MP (1867/09/20 - 1868/04/07),1825-04-13,False,Carlingford,County Louth,Ireland,False,True,1868-04-07,True
16773,McGreevy,Thomas,Thomas McGreevy,M,,Liberal-Conservative (1895/04/17 - 1896/06/22)|Liberal-Conservative (1867/09/20 - 1891/09/29),Quebec West (1895/04/17 - 1896/06/22)|Quebec West (1867/09/20 - 1891/09/29),Quebec|Quebec,MP (1895/04/17 - 1896/06/22)|MP (1867/09/20 - 1891/09/29),1825-07-29,False,Québec,,Lower Canada,False,False,1897-01-02,False
10638,McKay,Angus,Angus McKay,M,,Conservative (1867-1942) (1871/03/02 - 1872/10/11),Marquette (1871/03/02 - 1872/10/11),Manitoba,MP (1871/03/02 - 1872/10/11),1836-11-01,False,Edmonton,Alberta,Canada,False,False,1910-09-01,False
8265,McKeagney,James Charles,James Charles McKeagney,M,,Liberal-Conservative (1869/01/30 - 1872/10/11)|Anti-Confederate (1867/09/20 - 1869/01/29),Cape Breton (1867/09/20 - 1872/10/11),Nova Scotia,MP (1867/09/20 - 1872/10/11),1815-01-01,True,,County Tyrone,Ireland,False,False,1879-09-14,False
16051,McLachlin,Daniel,Daniel McLachlin,M,,Liberal Party of Canada (1867/09/20 - 1869/06/03),Renfrew South (1867/09/20 - 1869/06/03),Ontario,MP (1867/09/20 - 1869/06/03),1810-01-01,True,Rigaud Township,,Lower Canada,False,False,1872-02-06,False
16211,McLelan,Archibald Woodbury,Archibald Woodbury McLelan,M,,Conservative (1867-1942) (1887/10/27 - 1888/07/10)|Conservative (1867-1942) (1881/06/18 - 1887/10/03)|Liberal-Conservative (1869/06/21 - 1881/05/20)|Liberal-Conservative (1869/01/30 - 1869/06/20)|Anti-Confederate (1867/09/20 - 1869/01/29),Colchester (1887/10/27 - 1888/07/08)|Colchester (1881/06/18 - 1887/10/03)|Londonderry (1869/06/21 - 1881/05/20)|Colchester (1867/09/20 - 1869/06/20),Nova Scotia|Nova Scotia|Nova Scotia|Nova Scotia,MP (1887/10/27 - 1888/07/08)|MP (1881/06/18 - 1887/10/03)|MP (1867/09/20 - 1869/06/20)|Senator (1869/06/21 - 1881/05/20),1824-12-20,False,Londonderry,Nova Scotia,Canada,False,False,1890-06-26,False
15723,McMaste,William,William McMaste,M,,Liberal Party of Canada (1867/10/23 - 1887/09/22),Midland (1867/10/23 - 1887/09/22),Ontario,Senator (1867/10/23 - 1887/09/22),1811-12-24,False,,County Tyrone,Ireland,False,False,1887-09-22,True
11622,McMillan,Donald,Donald McMillan,M,,Conservative (1867-1942) (1867/09/20 - 1872/10/11),Vaudreuil (1867/09/20 - 1872/10/11),Quebec,MP (1867/09/20 - 1872/10/11),1807-01-01,True,Glengarry County,,Upper Canada,False,False,1876-07-15,False
865,McMillan,John,John McMillan,M,,Liberal Party of Canada (1867/09/20 - 1868/02/15),Restigouche (1867/09/20 - 1868/02/15),New Brunswick,MP (1867/09/20 - 1868/02/15),1816-08-04,False,Brodick,Island of Arran (Strathclyde),Scotland,False,False,1886-09-12,False
2602,McMonies,James,James McMonies,M,,Liberal Party of Canada (1867/09/20 - 1872/10/11),Wentworth North (1867/09/20 - 1872/10/11),Ontario,MP (1867/09/20 - 1872/10/11),1800-01-01,True,Kirkudbright,,Scotland,False,False,1888-01-12,False
8543,Merritt,Thomas Rodman,Thomas Rodman Merritt,M,,Liberal Party of Canada (1868/04/13 - 1874/01/21),Lincoln (1868/04/13 - 1874/01/21),Ontario,MP (1868/04/13 - 1874/01/21),1824-10-17,False,Mayville,New York,United States,False,False,1906-01-11,False
3972,Metcalfe,James,James Metcalfe,M,,Liberal Party of Canada (1867/09/20 - 1878/09/16),York East (1867/09/20 - 1878/09/16),Ontario,MP (1867/09/20 - 1878/09/16),1822-01-01,True,Cumberland,,England,False,False,1886-09-13,False
4965,Mille,William,William Mille,M,,Liberal-Conservative (1867/10/23 - 1912/02/23),Richmond (1867/10/23 - 1912/02/23),Nova Scotia,Senator (1867/10/23 - 1912/02/23),1835-02-12,False,Antigonish,Nova Scotia,Canada,False,False,1912-02-23,True
7472,Mills,David,David Mills,M,,Liberal Party of Canada (1896/11/13 - 1902/02/07)|Liberal Party of Canada (1884/02/25 - 1896/06/22)|Liberal Party of Canada (1876/11/15 - 1882/06/19)|Liberal Party of Canada (1867/09/20 - 1876/10/23),Bothwell (1896/11/13 - 1902/02/07)|Bothwell (1884/02/25 - 1896/06/22)|Bothwell (1876/11/15 - 1882/06/19)|Bothwell (1867/09/20 - 1876/10/23),Ontario|Ontario|Ontario|Ontario,MP (1884/02/25 - 1896/06/22)|MP (1876/11/15 - 1882/06/19)|MP (1867/09/20 - 1876/10/23)|Senator (1896/11/13 - 1902/02/07),1831-03-18,False,Oxford Township,,Upper Canada,False,False,1903-05-08,False
8592,Mills,Samuel,Samuel Mills,M,,Conservative (1867-1942) (1867/10/23 - 1874/01/24),Ontario (1867/10/23 - 1874/01/24),Ontario,Senator (1867/10/23 - 1874/01/24),1806-12-01,False,Hamilton,,Upper Canada,False,False,1874-01-24,True
12742,Mitchell,Pete,Peter Mitchell,M,,Independent Liberal (1887/02/22 - 1891/03/04)|Independent (1882/06/20 - 1887/02/21)|Independent (1878/02/05 - 1878/09/16)|Independent (1872/10/12 - 1878/01/14)|Liberal-Conservative (1867/10/23 - 1872/07/13),Northumberland (1882/06/20 - 1891/03/04)|Northumberland (1878/02/05 - 1878/09/16)|Northumberland (1872/10/12 - 1878/01/14)|New Brunswick (1867/10/23 - 1872/07/13),New Brunswick|New Brunswick|New Brunswick|New Brunswick,MP (1882/06/20 - 1891/03/04)|MP (1878/02/05 - 1878/09/16)|MP (1872/10/12 - 1878/01/14)|Senator (1867/10/23 - 1872/07/13),1824-01-04,False,Newcastle,New Brunswick,Canada,False,False,1899-10-25,False
10747,Moffat,George,George Moffat,M,,Conservative (1867-1942) (1870/11/29 - 1877/12/31),Restigouche (1870/11/29 - 1877/12/31),New Brunswick,MP (1870/11/29 - 1877/12/31),1810-01-01,True,Gretna Green,Dumfries-shire,Scotland,False,False,1878-05-13,False
6193,Morison,John,John Morison,M,,Liberal Party of Canada (1867/09/20 - 1872/10/11),Victoria North (1867/09/20 - 1872/10/11),Ontario,MP (1867/09/20 - 1872/10/11),1818-09-09,False,Greenock,,Scotland,False,False,1873-12-05,False
10200,Morris,Alexande,Alexander Morris,M,,Conservative (1867-1942) (1869/11/29 - 1872/07/01)|Conservative (1867-1942) (1867/09/20 - 1869/11/15),Lanark South (1869/11/29 - 1872/07/01)|Lanark South (1867/09/20 - 1869/11/15),Ontario|Ontario,MP (1869/11/29 - 1872/07/01)|MP (1867/09/20 - 1869/11/15),1826-03-17,False,Perth,,Upper Canada,False,False,1889-10-28,False
9883,Morrison,Angus,Angus Morrison,M,,Conservative (1867-1942) (1867/09/20 - 1874/01/21),Niagara (1867/09/20 - 1874/01/21),Ontario,MP (1867/09/20 - 1874/01/21),1822-01-20,False,Edinburgh,,Scotland,False,False,1882-06-10,False
14353,Munroe,John H.,John H. Munroe,M,,Conservative (1867-1942) (1867/09/20 - 1872/10/11),Elgin West (1867/09/20 - 1872/10/11),Ontario,MP (1867/09/20 - 1872/10/11),1820-01-01,True,Williamsburg Township,,Canada West,False,False,1885-01-25,False
11960,Nathan,Henry,Henry Nathan,M,,Liberal Party of Canada (1871/11/24 - 1874/01/21),Victoria (1871/11/24 - 1874/01/21),British Columbia,MP (1871/11/24 - 1874/01/21),1842-09-03,False,London,,England,False,False,1914-02-05,False
7047,Nelson,Hugh,Hugh Nelson,M,,Liberal-Conservative (1879/12/12 - 1887/03/01)|Liberal-Conservative (1871/12/13 - 1874/01/21),Barkerville (1879/12/12 - 1887/03/01)|New Westminster (1872/10/12 - 1874/01/21)|New Westminster District (1871/12/13 - 1872/10/11),British Columbia|British Columbia|British Columbia,MP (1872/10/12 - 1874/01/21)|MP (1871/12/13 - 1872/10/11)|Senator (1879/12/12 - 1887),1830-05-25,False,Larne,County Antrim,Ireland,False,False,1893-03-03,False
12777,Northup,Jeremiah,Jeremiah Northup,M,,Liberal Party of Canada (1870/10/10 - 1879/04/10),Halifax (1870/10/10 - 1879/04/10),Nova Scotia,Senator (1870/10/10 - 1879/04/10),1816-01-01,True,Falmouth,Nova Scotia,Canada,False,False,1879-04-10,True
13640,O'Conno,John,John O'Conno,M,,Conservative (1867-1942) (1878/11/04 - 1882/06/19)|Conservative (1867-1942) (1878/09/17 - 1878/11/03)|Conservative (1867-1942) (1867/09/20 - 1874/01/21),Russell (1878/11/04 - 1882/06/19)|Russell (1878/09/17 - 1878/10/16)|Essex (1867/09/20 - 1874/01/21),Ontario|Ontario|Ontario,MP (1878/11/04 - 1882/06/19)|MP (1878/09/17 - 1878/10/16)|MP (1867/09/20 - 1874/01/21),1824-01-01,True,Boston,Massachusetts,United States,False,False,1887-11-03,False
13805,Odell,William Hunte,William Hunter Odell,M,,Conservative (1867-1942) (1867/10/23 - 1891/07/25),Rockwood (1867/10/23 - 1891/07/25),New Brunswick,Senator (1867/10/23 - 1891/07/25),1811-11-26,False,,New Brunswick,Canada,False,False,1891-07-25,True
1200,Olive,Thomas,Thomas Olive,M,,Liberal Party of Canada (1867/09/20 - 1880/11/08),Oxford North (1867/09/20 - 1880/11/08),Ontario,MP (1867/09/20 - 1880/11/08),1821-01-01,True,Kildonan,Sutherlandshire,Scotland,False,True,1880-11-08,True
16471,Olivie,Louis Auguste,Louis Auguste Olivie,M,,Liberal Party of Canada (1867/10/23 - 1873/09/08),De Lanaudière (1867/10/23 - 1873/09/08),Quebec,Senator (1867/10/23 - 1873/09/08),1816-11-01,False,Berthier-en-Haut,,Lower Canada,False,False,1881-09-18,False
105,Panet,Louis,Louis Panet,M,,Conservative (1867-1942) (1871/02/10 - 1874/03/26),La Salle (1871/02/10 - 1874/03/26),Quebec,Senator (1871/02/10 - 1874/03/26),1794-03-19,False,Québec,Quebec,Canada,False,False,1884-05-15,False
5120,Pâquet,Anselme Homère,Anselme Homère Pâquet,M,,Liberal Party of Canada (1867/09/20 - 1891/12/22),De la Vallière (1874/12/09 - 1891/12/22)|Berthier (1867/09/20 - 1874/12/08),Quebec|Quebec,MP (1867/09/20 - 1874/12/08)|Senator (1874/12/09 - 1891/12/22),1830-09-29,False,Saint-Cuthbert,,Lower Canada,False,False,1891-12-22,True
15438,Parke,Thomas Sutherland,Thomas Sutherland Parke,M,,Liberal Party of Canada (1867/09/20 - 1868/10/24),Wellington Centre (1867/09/20 - 1868/10/24),Ontario,MP (1867/09/20 - 1868/10/24),1829-04-03,False,Bradford,,Upper Canada,False,True,1868-10-24,True
12039,Pearson,Frederick M.,Frederick M. Pearson,M,,Liberal Party of Canada (1870/11/08 - 1874/01/21),Colchester (1870/11/08 - 1874/01/21),Nova Scotia,MP (1870/11/08 - 1874/01/21),1827-02-13,False,Pictou,Nova Scotia,Canada,False,False,1875-04-21,False
8621,Pelletie,Charles Alphonse Pantaléon,Charles Alphonse Pantaléon Pelletie,M,,Liberal Party of Canada (1869/02/17 - 1904/09/01),Grandville (1877/02/02 - 1904/09/01)|Kamouraska (1869/02/17 - 1877/02/01),Quebec|Quebec,MP (1869/02/17 - 1877/02/01)|Senator (1877/02/02 - 1904),1837-01-22,False,Rivière-Ouelle,,Lower Canada,False,False,1911-04-29,False
4707,Perry,Charles,Charles Perry,M,,Conservative (1867-1942) (1867/09/20 - 1872/10/11),Peterborough West (1867/09/20 - 1872/10/11),Ontario,MP (1867/09/20 - 1872/10/11),1818-12-07,False,Cobourg,,Upper Canada,False,False,1876-07-07,False
7224,Perry,Ebeneze,Ebenezer Perry,M,,Conservative (1867-1942) (1871/02/02 - 1876/05/01),Ontario (1871/02/02 - 1876/05/01),Ontario,Senator (1871/02/02 - 1876/05/01),1788-09-29,False,Ernestown,,Upper Canada,False,False,1876-05-01,True
7956,Pickard,John,John Pickard,M,,Independent Liberal (1868/10/28 - 1883/12/17),York (1868/10/28 - 1883/12/17),New Brunswick,MP (1868/10/28 - 1883/12/17),1824-04-27,False,Douglas,New Brunswick,Canada,False,True,1883-12-17,True
1960,Pinsonneault,Alfred,Alfred Pinsonneault,M,,Conservative (1867-1942) (1867/09/20 - 1887/02/21),Laprairie (1867/09/20 - 1887/02/21),Quebec,MP (1867/09/20 - 1887/02/21),1829-01-01,True,Saint-Jacques-le-Mineu,,Lower Canada,False,False,1897-08-20,False
13479,Pope,John Henry,John Henry Pope,M,,Liberal-Conservative (1878/11/04 - 1889/04/01)|Liberal-Conservative (1871/11/11 - 1878/10/16)|Liberal-Conservative (1867/09/20 - 1871/10/24),Compton (1878/11/04 - 1889/04/01)|Compton (1871/11/11 - 1878/10/16)|Compton (1867/09/20 - 1871/10/24),Quebec|Quebec|Quebec,MP (1878/11/04 - 1889/04/01)|MP (1871/11/11 - 1878/10/16)|MP (1867/09/20 - 1871/10/24),1819-12-19,False,Eaton Township,,Lower Canada,False,True,1889-04-01,True
2106,Pouliot,Barthélemy,Barthélemy Pouliot,M,,Conservative (1867-1942) (1869/07/14 - 1872/10/11)|Conservative (1867-1942) (1867/09/20 - 1869/06/09),L'Islet (1869/07/14 - 1872/10/11)|L'Islet (1867/09/20 - 1869/06/09),Quebec|Quebec,MP (1869/07/14 - 1872/10/11)|MP (1867/09/20 - 1869/06/09),1811-10-15,False,Saint-Jean-d'Orléans,,Lower Canada,False,False,1890-02-26,False
9646,Powe,Patrick,Patrick Powe,M,,Independent Liberal (1874/01/22 - 1878/09/16)|Independent Liberal (1870 - 1872/10/11)|Liberal Party of Canada (1869/01/30 - 1870)|Anti-Confederate (1867/09/20 - 1869/01/29),Halifax (1874/01/22 - 1878/09/16)|Halifax (1867/09/20 - 1872/10/11),Nova Scotia|Nova Scotia,MP (1874/01/22 - 1878/09/16)|MP (1867/09/20 - 1872/10/11),1815-03-17,False,Kilmacthomas,County Waterford,Ireland,False,False,1881-02-23,False
3634,Poze,Christian Henry,Christian Henry Poze,M,,Nationalist (1876/09/20 - 1884/07/18)|Liberal Party of Canada (1867/09/20 - 1876/09/19),Lauzon (1876/09/20 - 1884/07/18)|Beauce (1867/09/20 - 1876/09/19),Quebec|Quebec,MP (1867/09/20 - 1876/09/19)|Senator (1876/09/20 - 1884/07/18),1835-12-26,False,Saint-Georges d'Aubert-Gallion,,Lower Canada,False,False,1884-07-18,True
2767,Price,David Edward,David Edward Price,M,,Conservative (1867-1942) (1867/10/23 - 1883/08/22),The Laurentides (1867/10/23 - 1883/08/22),Quebec,Senator (1867/10/23 - 1883/08/22),1826-05-11,False,Québec,Quebec,Canada,False,False,1883-08-22,True
10903,Rankin,John,John Rankin,M,,Conservative (1867-1942) (1867/09/20 - 1869/10/12),Renfrew North (1867/09/20 - 1869/10/12),Ontario,MP (1867/09/20 - 1869/10/12),1817-10-03,False,New Glasgow,Nova Scotia,Canada,False,False,1900-09-03,False
9309,Ray,William Hallett,William Hallett Ray,M,,Liberal Party of Canada (1882/06/20 - 1887/02/21)|Liberal Party of Canada (1869/01/30 - 1878/09/16)|Anti-Confederate (1867/09/20 - 1869/01/29),Annapolis (1882/06/20 - 1887/02/21)|Annapolis (1867/09/20 - 1878/09/16),Nova Scotia|Nova Scotia,MP (1882/06/20 - 1887/02/21)|MP (1867/09/20 - 1878/09/16),1825-05-25,False,Clementsport,Nova Scotia,Canada,False,False,1909-05-07,False
13113,Read,Robert,Robert Read,M,,Conservative (1867-1942) (1867/09/20 - 1896/06/29),Quinté (1871/02/24 - 1896/06/29)|Hastings East (1867/09/20 - 1871/02/23),Ontario|Ontario,MP (1867/09/20 - 1871/02/23)|Senator (1871/02/24 - 1896/06/29),1814-12-11,False,Fressingfield,Suffolk,England,False,False,1896-06-29,True
2930,Redford,James,James Redford,M,,Liberal Party of Canada (1867/09/20 - 1872/10/11),Perth North (1867/09/20 - 1872/10/11),Ontario,MP (1867/09/20 - 1872/10/11),1821-09-18,False,Lilliesleaf,Roxburghshire,Scotland,False,False,1908-12-18,False
638,Reeso,David,David Reeso,M,,Liberal Party of Canada (1867/10/23 - 1901/1),King's (1867/10/23 - 1901/1),Ontario,Senator (1867/10/23 - 1901/1),1823-01-18,False,Markham,,Upper Canada,False,False,1902-04-28,False
4768,Renaud,Auguste,Auguste Renaud,M,,Liberal Party of Canada (1867/09/20 - 1872/10/11),Kent (1867/09/20 - 1872/10/11),New Brunswick,MP (1867/09/20 - 1872/10/11),1835-10-18,False,Bordeaux,,France,False,False,1897-07-07,False
3555,Renaud,Louis,Louis Renaud,M,,Conservative (1867-1942) (1867/10/23 - 1873/10/30),De Salaberry (1867/10/23 - 1873/10/30),Quebec,Senator (1867/10/23 - 1873/10/30),1818-10-03,False,Montreal,Quebec,Canada,False,False,1878-11-13,False
14501,Ritchie,John William,John William Ritchie,M,,Conservative (1867-1942) (1867/10/23 - 1870/09/28),Nova Scotia (1867/10/23 - 1870/09/28),Nova Scotia,Senator (1867/10/23 - 1870/09/28),1808-03-26,False,Annapolis,Nova Scotia,Canada,False,False,1890-12-18,False
16397,Robertson,John,John Robertson,M,,Liberal Party of Canada (1867/10/23 - 1876/08/03),New Brunswick (1867/10/23 - 1876/08/03),New Brunswick,Senator (1867/10/23 - 1876/08/03),1799-01-01,True,,Perthshire,Scotland,False,False,1876-08-03,True
7944,Robitaille,Théodore,Théodore Robitaille,M,,Conservative (1867-1942) (1885/01/29 - 1897/08/17)|Conservative (1867-1942) (1873/02/15 - 1879/07/25)|Conservative (1867-1942) (1867/09/20 - 1873/01/29),Gulf (1885/01/29 - 1897/08/17)|Bonaventure (1873/02/15 - 1879/07/25)|Bonaventure (1867/09/20 - 1873/01/29),Quebec|Quebec|Quebec,MP (1873/02/15 - 1879/07/25)|MP (1867/09/20 - 1873/01/29)|Senator (1885/01/29 - 1897/08/17),1834-01-29,False,Varennes,,Lower Canada,False,False,1897-08-17,True
2548,Rose,John,John Rose,M,,Liberal-Conservative (1867/11/28 - 1869/09/29)|Liberal-Conservative (1867/09/20 - 1867/11/17),Huntingdon (1867/11/28 - 1869/09/29)|Huntingdon (1867/09/20 - 1867/11/17),Quebec|Quebec,MP (1867/11/28 - 1869/09/29)|MP (1867/09/20 - 1867/11/17),1820-08-02,False,Turriff,Grampian,Scotland,False,False,1888-08-24,False
12851,Ross,James,James Ross,M,,Liberal Party of Canada (1869/01/18 - 1874/12/12),Wellington Centre (1869/01/18 - 1874/01/21),Ontario,MP (1869/01/18 - 1874/01/21),1817-10-01,True,Arnage,Aberdeenshire,Scotland,False,False,1895-07-16,False
8519,Ross,John,John Ross,M,,Conservative (1867-1942) (1867/10/23 - 1871/01/31),Ontario (1867/10/23 - 1871/01/31),Ontario,Senator (1867/10/23 - 1871/01/31),1818-03-10,False,,County Antrim,Ireland,False,False,1871-01-31,True
9560,Ross,John Jones,John Jones Ross,M,,Conservative (1867-1942) (1887/04/12 - 1901/05/04)|Conservative (1867-1942) (1867/09/20 - 1874/01/21),De la Durantaye (1887/04/12 - 1901/05/04)|Champlain (1867/09/20 - 1874/01/21),Quebec|Quebec,MP (1867/09/20 - 1874/01/21)|Senator (1887/04/12 - 1901/05/04),1831-08-16,False,Québec,,Lower Canada,False,False,1901-05-04,True
10675,Ross,John Sylveste,John Sylvester Ross,M,,Liberal-Conservative (1878/09/17 - 1882/06/19)|Liberal-Conservative (1867/09/20 - 1872/10/11),Dundas (1878/09/17 - 1882/06/19)|Dundas (1867/09/20 - 1872/10/11),Ontario|Ontario,MP (1878/09/17 - 1882/06/19)|MP (1867/09/20 - 1872/10/11),1821-01-01,True,Osnabruck,,Upper Canada,False,False,1882-07-01,False
6353,Ross,Walte,Walter Ross,M,,Liberal Party of Canada (1867/09/20 - 1878/09/16),Prince Edward (1867/09/20 - 1878/09/16),Ontario,MP (1867/09/20 - 1878/09/16),1817-01-01,True,Fearn Parish,Ross-shire,Scotland,False,False,1888-11-12,False
9294,Ross,William,William Ross,M,,Liberal Party of Canada (1905/05/18 - 1912/03/17)|Liberal Party of Canada (1900/11/07 - 1904/11/02)|Liberal Party of Canada (1873/12/20 - 1874/11/04)|Liberal Party of Canada (1869/01/30 - 1873/11/06)|Anti-Confederate (1867/09/20 - 1869/01/29),Victoria (1905/05/18 - 1912/03/17)|Victoria (1900/11/07 - 1904/11/02)|Victoria (1867/09/20 - 1874/09/20),Nova Scotia|Nova Scotia|Nova Scotia,MP (1900/11/07 - 1904/11/02)|MP (1867/09/20 - 1874/09/20)|Senator (1905/05/18 - 1912/03/17),1824-12-20,False,Bouladerie,Nova Scotia,Canada,False,False,1912-03-17,True
8776,Ryan,George,George Ryan,M,,Liberal Party of Canada (1867/09/20 - 1872/10/11),King's (1867/09/20 - 1872/10/11),New Brunswick,MP (1867/09/20 - 1872/10/11),1806-08-12,False,Pointe-de-Bute,New Brunswick,Canada,False,False,1876-02-05,False
15896,Ryan,Michael Patrick,Michael Patrick Ryan,M,,Liberal-Conservative (1878/09/17 - 1882/06/19)|Liberal-Conservative (1868/04/20 - 1874/10/31),Montreal Centre (1878/09/17 - 1882/06/19)|Montreal Centre (1872/10/12 - 1874/10/31)|Montreal West (1868/04/20 - 1872/10/11),Quebec|Quebec|Quebec,MP (1878/09/17 - 1882/06/19)|MP (1872/10/12 - 1874/10/31)|MP (1868/04/20 - 1872/10/11),1825-09-29,False,"Palis, Donohill",County Tipperary,Ireland,False,False,1893-01-18,False
15982,Ryan,Thomas,Thomas Ryan,M,,Liberal-Conservative (1867/10/23 - 1889/05/25),Victoria (1867/10/23 - 1889/05/25),Quebec,Senator (1867/10/23 - 1889/05/25),1804-08-21,False,Balinahill,County Kildare,Ireland,False,False,1889-05-25,True
7941,Rymal,Joseph,Joseph Rymal,M,,Liberal Party of Canada (1867/09/20 - 1882/06/19),Wentworth South (1867/09/20 - 1882/06/19),Ontario,MP (1867/09/20 - 1882/06/19),1821-11-17,False,Barton Township,,Upper Canada,False,False,1900-12-15,False
11162,Sanborn,John Sewell,John Sewell Sanborn,M,,Liberal Party of Canada (1867/10/23 - 1872/10/01),Wellington (1867/10/23 - 1872/10/01),Quebec,Senator (1867/10/23 - 1872),1819-01-01,False,Gilmanton,New Hampshire,United States,False,False,1877-07-17,False
5959,Savary,Alfred William,Alfred William Savary,M,,Conservative (1867-1942) (1869/01/30 - 1874/01/21)|Anti-Confederate (1867/09/20 - 1869/01/29),Digby (1867/09/20 - 1874/01/21),Nova Scotia,MP (1867/09/20 - 1874/01/21),1831-10-10,False,Plympton,Nova Scotia,Canada,False,False,1920-03-09,False
2496,Scatcherd,Thomas,Thomas Scatcherd,M,,Liberal Party of Canada (1867/09/20 - 1876/04/15),Middlesex North (1867/09/20 - 1876/04/15),Ontario,MP (1867/09/20 - 1876/04/15),1823-11-10,False,Wyton,,Upper Canada,False,True,1876-04-15,True
11770,Schultz,John Christian,John Christian Schultz,M,,Liberal-Conservative (1882/09/23 - 1888/07/01)|Conservative (1867-1942) (1871/03/02 - 1882/06/19),Manitoba (1882/09/23 - 1888/07/01)|Lisgar (1871/03/02 - 1882/06/19),Manitoba|Manitoba,MP (1871/03/02 - 1882/06/19)|Senator (1882/09/23 - 1888/07/01),1840-01-01,False,Amherstburg,,Upper Canada,False,False,1896-04-13,False
9233,Scrive,Julius,Julius Scrive,M,,Liberal Party of Canada (1869/10/30 - 1900/11/06),Huntingdon (1869/10/30 - 1900/11/06),Quebec,MP (1869/10/30 - 1900/11/06),1826-02-05,False,Hemmingford,,Lower Canada,False,False,1907-09-05,False
10965,Sénécal,Louis Adélard,Louis Adélard Sénécal,M,,Conservative (1867-1942) (1887/01/25 - 1887/10/11)|Conservative (1867-1942) (1867/09/20 - 1872/10/11),Mille Isles (1887/01/25 - 1887/10/11)|Drummond--Arthabaska (1867/09/20 - 1872/10/11),Quebec|Quebec,MP (1867/09/20 - 1872/10/11)|Senator (1887/01/25 - 1887/10/11),1829-07-10,False,Varennes,,Lower Canada,False,False,1887-10-11,True
16638,Seymou,Benjamin,Benjamin Seymou,M,,Conservative (1867-1942) (1867/10/23 - 1880/03/23),Newcastle (1867/10/23 - 1880/03/23),Ontario,Senator (1867/10/23 - 1880/03/23),1806-01-01,True,Fredericksburg,,Upper Canada,False,False,1880-03-23,True
9041,Shanly,Walte,Walter Shanly,M,,Conservative (1867-1942) (1885/07/04 - 1891/03/04)|Conservative (1867-1942) (1867/09/20 - 1872/10/11),Grenville South (1885/07/04 - 1891/03/04)|Grenville South (1867/09/20 - 1872/10/11),Ontario|Ontario,MP (1885/07/04 - 1891/03/04)|MP (1867/09/20 - 1872/10/11),1817-10-11,False,Stradbally,County Queen's,Ireland,False,False,1899-12-17,False
12263,Shaw,James,James Shaw,M,,Conservative (1867-1942) (1867/10/23 - 1878/02/06),Ontario (1867/10/23 - 1878/02/06),Ontario,Senator (1867/10/23 - 1878/02/06),1797-01-01,True,,County Wexford,Ireland,False,False,1878-02-06,True
5838,Simard,Georges-Honoré,Georges-Honoré Simard,M,,Conservative (1867-1942) (1867/09/20 - 1872/10/11),Quebec-Centre (1867/09/20 - 1872/10/11),Quebec,MP (1867/09/20 - 1872/10/11),1817-04-17,False,Québec,,Lower Canada,False,False,1873-06-27,False
2887,Simpson,John,John Simpson,M,,Liberal Party of Canada (1867/10/23 - 1885/03/21),Bowmanville (1867/10/23 - 1885/03/21),Ontario,Senator (1867/10/23 - 1885/03/21),1812-05-12,False,Rothes,,Scotland,False,False,1885-03-21,True
9344,Simpson,Wemyss Mackenzie,Wemyss Mackenzie Simpson,M,,Conservative (1867-1942) (1867/09/20 - 1871/04/26),Algoma (1867/09/20 - 1871/04/26),Ontario,MP (1867/09/20 - 1871/04/26),1823-01-01,True,London,,England,False,False,1894-03-31,False
6787,Skead,James,James Skead,M,,Conservative (1867-1942) (1881/12/24 - 1884/07/05)|Conservative (1867-1942) (1867/10/23 - 1881/01/20),Rideau (1881/12/24 - 1884/07/05)|Rideau (1867/10/23 - 1881/01/20),Ontario|Ontario,Senator (1881/12/24 - 1884/07/05)|Senator (1867/10/23 - 1881/01/20),1816-12-31,False,Moresby,Cumbria,England,False,False,1884-07-05,True
5873,Smith,Albert James,Albert James Smith,M,,Liberal Party of Canada (1873/11/28 - 1882/06/19)|Liberal Party of Canada (1867/09/20 - 1873/11/06),Westmorland (1867/09/20 - 1882/06/19),New Brunswick,MP (1867/09/20 - 1882/06/19),1822-03-12,False,Shediac,New Brunswick,Canada,False,False,1883-06-30,False
7518,Smith,Donald Alexande,Donald Alexander Smith,M,,Independent Conservative (1887/02/22 - 1896/06/23)|Independent Conservative (1871/03/02 - 1880/05/13),Montreal West (1887/02/22 - 1896/06/22)|Selkirk (1871/03/02 - 1880/05/13),Quebec|Manitoba,MP (1887/02/22 - 1896/06/22)|MP (1871/03/02 - 1880/05/13),1820-08-06,False,Forres,Morayshire,Scotland,False,False,1914-01-21,False
2391,Smith,Frank,Frank Smith,M,,Conservative (1867-1942) (1871/02/02 - 1900),Toronto (1871/02/02 - 1901/01/17),Ontario,Senator (1871/02/02 - 1901/01/17),1822-03-13,False,Richill,Armagh,Ireland,False,False,1901-01-17,True
12701,Snide,George,George Snide,M,,Liberal Party of Canada (1867/09/20 - 1878/09/16),Grey North (1867/09/20 - 1878/09/16),Ontario,MP (1867/09/20 - 1878/09/16),1813-01-31,False,Eglinton,,Upper Canada,False,False,1885-06-23,False
14030,Sproat,Alexande,Alexander Sproat,M,,Conservative (1867-1942) (1867/09/20 - 1872/10/11),Bruce North (1867/09/20 - 1872/10/11),Ontario,MP (1867/09/20 - 1872/10/11),1834-06-19,False,Halton County,,Upper Canada,False,False,1890-08-17,False
8239,Steeves,William Henry,William Henry Steeves,M,,Liberal Party of Canada (1867/10/23 - 1873/12/09),New Brunswick (1867/10/23 - 1873/12/09),New Brunswick,Senator (1867/10/23 - 1873/12/09),1814-05-20,False,Hillsborough,New Brunswick,Canada,False,False,1873-12-09,True
15331,Stephenson,Rufus,Rufus Stephenson,M,,Conservative (1867-1942) (1867/09/20 - 1882/06/19),Kent (1867/09/20 - 1882/06/19),Ontario,MP (1867/09/20 - 1882/06/19),1835-01-14,False,Springfield,Massachusetts,United States,False,False,1901-02-15,False
10437,Stirton,David,David Stirton,M,,Liberal Party of Canada (1867/09/20 - 1876/05/24),Wellington South (1867/09/20 - 1876/05/24),Ontario,MP (1867/09/20 - 1876/05/24),1816-01-01,True,,Forfarshire,Scotland,False,False,1908-08-16,False
7811,Street,Thomas Clark,Thomas Clark Street,M,,Conservative (1867-1942) (1867/09/20 - 1872/09/06),Welland (1867/09/20 - 1872/09/06),Ontario,MP (1867/09/20 - 1872/09/06),1814-01-01,True,Niagara Falls,,Upper Canada,False,True,1872-09-06,True
5790,Sutherland,John,John Sutherland,M,,Independent Conservative (1871/12/13 - 1899/04/13),Kildonan (1871/12/13 - 1899/04/13),Manitoba,Senator (1871/12/13 - 1899/04/13),1821-08-23,False,Red River Settlement,Northwest Territories,Canada,False,False,1899-04-27,False
2615,Sylvain,Georges,Georges Sylvain,M,,Conservative (1867-1942) (1867/09/20 - 1872/10/11),Rimouski (1867/09/20 - 1872/10/11),Quebec,MP (1867/09/20 - 1872/10/11),1819-08-27,False,Saint-Vallie,,Lower Canada,False,False,1891-02-25,False
11324,Tessie,Ulric Joseph,Ulric Joseph Tessie,M,,Liberal Party of Canada (1867/10/23 - 1873/02/11),Gulf (1867/10/23 - 1873/02/11),Quebec,Senator (1867/10/23 - 1873/02/11),1817-05-03,False,Québec,Quebec,Canada,False,False,1892-04-07,False
8064,Thompson,David,David Thompson,M,,Liberal Party of Canada (1867/09/20 - 1886/04/18),Haldimand (1867/09/20 - 1886/04/18),Ontario,MP (1867/09/20 - 1886/04/18),1836-12-07,False,Wainfleet Township,,Upper Canada,False,True,1886-04-18,True
8749,Thompson,John Hall,John Hall Thompson,M,,Liberal Party of Canada (1867/09/20 - 1872/10/11),Ontario North (1867/09/20 - 1872/10/11),Ontario,MP (1867/09/20 - 1872/10/11),1810-01-01,True,Salisbury,,England,False,False,1893-10-27,False
2847,Thompson,Joshua Spence,Joshua Spencer Thompson,M,,Liberal-Conservative (1871/12/19 - 1880/12/20),Cariboo (1871/12/19 - 1880/12/20),British Columbia,MP (1871/12/19 - 1880/12/20),1828-01-01,True,Belfast,,Ireland,False,True,1880-12-20,True
12349,Tilley,Samuel Leonard,Samuel Leonard Tilley,M,,Liberal-Conservative (1878/11/04 - 1885/11/10)|Liberal-Conservative (1878/09/17 - 1878/10/16)|Liberal-Conservative (1867/09/20 - 1873/11/15),St. John (City of ) (1878/11/04 - 1885/11/11)|St. John (City of ) (1878/09/17 - 1878/10/16)|St. John (City of ) (1867/09/20 - 1873/11/04),New Brunswick|New Brunswick|New Brunswick,MP (1878/11/04 - 1885/11/11)|MP (1878/09/17 - 1878/10/16)|MP (1867/09/20 - 1873/11/04),1818-05-08,False,Gagetown,New Brunswick,Canada,False,False,1896-06-25,False
15314,Tourangeau,Adolphe Guillet dit,Adolphe Guillet dit Tourangeau,M,,Conservative (1867-1942) (1870/07/18 - 1874/01/21),Quebec East (1870/07/18 - 1874/01/21),Quebec,MP (1870/07/18 - 1874/01/21),1831-01-15,False,Québec,,Lower Canada,False,False,1894-10-09,False
8400,Tremblay,Pierre Alexis,Pierre Alexis Tremblay,M,,Liberal Party of Canada (1878/09/17 - 1879/01/04)|Liberal Party of Canada (1867/09/20 - 1875/08/23),Charlevoix (1878/09/17 - 1879/01/05)|Charlevoix (1872/10/12 - 1875/08/23)|Chicoutimi--Saguenay (1867/09/20 - 1872/10/11),Quebec|Quebec|Quebec,MP (1878/09/17 - 1879/01/05)|MP (1872/10/12 - 1875/08/23)|MP (1867/09/20 - 1872/10/11),1827-12-28,False,La Malbaie,Quebec,Canada,False,True,1879-01-04,True
6179,Tuppe,Charles,Charles Tuppe,M,,Conservative (1867-1942) (1896/01/15 - 1900/11/06)|Conservative (1867-1942) (1887/11/09 - 1888/05/22)|Conservative (1867-1942) (1887/01/27 - 1887)|Conservative (1867-1942) (1878/10/17 - 1884/05/23)|Conservative (1867-1942) (1870/06/15 - 1878/10/16)|Conservative (1867-1942) (1867/09/20 - 1870/06/14),Cape Breton (1896/02/04 - 1900/11/06)|Cumberland (1887/02/22 - 1888/05/22)|Cumberland (1878/11/04 - 1884/05/23)|Cumberland (1870/06/15 - 1878/10/16)|Cumberland (1867/09/20 - 1870/06/14),Nova Scotia|Nova Scotia|Nova Scotia|Nova Scotia|Nova Scotia,MP (1896/02/04 - 1900/11/06)|MP (1887/02/22 - 1888/05/22)|MP (1878/11/04 - 1884/05/23)|MP (1870/06/15 - 1878/10/16)|MP (1867/09/20 - 1870/06/14),1821-07-02,False,Amherst,Nova Scotia,Canada,False,False,1915-10-30,False
15128,Wallace,John,John Wallace,M,,Liberal-Conservative (1883/07/10 - 1887/02/21)|Liberal Party of Canada (1882/06/20 - 1883/05/02)|Liberal Party of Canada (1867/09/20 - 1878/09/16),Albert (1883/07/10 - 1887/02/21)|Albert (1882/06/20 - 1883/05/02)|Albert (1867/09/20 - 1878/09/17),New Brunswick|New Brunswick|New Brunswick,MP (1883/07/10 - 1887/02/21)|MP (1882/06/20 - 1883/05/02)|MP (1867/09/20 - 1878/09/17),1812-11-18,False,Hillsborough,New Brunswick,Canada,False,False,1896-01-01,False
13471,Wallace,Robert,Robert Wallace,M,,Conservative (1867-1942) (1871/12/15 - 1872/10/11),Vancouver Island (1871/12/15 - 1872/10/11),British Columbia,MP (1871/12/15 - 1872/10/11),1820-12-08,False,Glasgow,,Scotland,False,False,1899-01-01,False
14134,Walsh,Aquila,Aquila Walsh,M,,Conservative (1867-1942) (1867/09/20 - 1872/10/11),Norfolk North (1867/09/20 - 1872/10/11),Ontario,MP (1867/09/20 - 1872/10/11),1823-05-15,False,Charlotteville,,Upper Canada,False,False,1885-03-06,False
331,Wark,David,David Wark,M,,Liberal Party of Canada (1867/10/23 - 1905/08/20),Fredericton (1867/10/23 - 1905/08/20),New Brunswick,Senator (1867/10/23 - 1905/08/20),1804-02-19,False,,,Ireland,False,False,1905-08-20,True
14658,We,William Hoste,William Hoste We,M,,Conservative (1867-1942) (1867/09/20 - 1874/01/21),Richmond--Wolfe (1867/09/20 - 1874/01/21),Quebec,MP (1867/09/20 - 1874/01/21),1820-11-24,False,Hampshire,,England,False,False,1890-12-19,False
1961,Wells,James Pearson,James Pearson Wells,M,,Liberal Party of Canada (1867/09/20 - 1872/10/11),York North (1867/09/20 - 1872/10/11),Ontario,MP (1867/09/20 - 1872/10/11),1822-01-13,False,Aurora,,Upper Canada,False,False,1893-08-24,False
9804,White,John,John White,M,,Conservative (1867-1942) (1879/02/25 - 1887/02/21)|Conservative (1867-1942) (1871/03/20 - 1879/01/27),Hastings East (1879/02/25 - 1887/02/21)|Hastings East (1871/03/20 - 1879/02/05),Ontario|Ontario,MP (1879/02/25 - 1887/02/21)|MP (1871/03/20 - 1879/02/05),1833-05-06,False,Donegal,County Donegal,Ireland,False,False,1894-09-24,False
8083,White,John,John White,M,,Liberal Party of Canada (1867/09/20 - 1874/01/21),Halton (1867/09/20 - 1874/01/21),Ontario,MP (1867/09/20 - 1874/01/21),1811-06-08,False,Omagh,County Tyrone,Ireland,False,False,1897-05-03,False
7857,Whitehead,Joseph,Joseph Whitehead,M,,Liberal Party of Canada (1867/09/20 - 1872/10/11),Huron North (1867/09/20 - 1872/10/11),Ontario,MP (1867/09/20 - 1872/10/11),1814-01-01,True,Guisbro,Yorkshire,England,False,False,1894-03-12,False
9482,Wie,Benjamin,Benjamin Wie,M,,Liberal Party of Canada (1867/10/23 - 1868/04/14),Nova Scotia (1867/10/23 - 1868/04/14),Nova Scotia,Senator (1867/10/23 - 1868/04/14),1805-08-09,False,Newport,Nova Scotia,Canada,False,False,1868-04-14,True
12432,Willson,Crowell,Crowell Willson,M,,Liberal-Conservative (1874/01/22 - 1874/12/15)|Liberal-Conservative (1867/09/20 - 1872/10/11),Middlesex East (1874/01/22 - 1874/12/15)|Middlesex East (1867/09/20 - 1872/10/11),Ontario|Ontario,MP (1874/01/22 - 1874/12/15)|MP (1867/09/20 - 1872/10/11),1815-01-01,True,St. Thomas,,Upper Canada,False,False,1894-10-12,False
10228,Wilmot,Robert Duncan,Robert Duncan Wilmot,M,,Conservative (1867-1942) (1867/10/23 - 1880/02/10),New Brunswick (1867/10/23 - 1880/02/10),New Brunswick,Senator (1867/10/23 - 1880/02/10),1809-10-16,False,Fredericton,New Brunswick,Canada,False,False,1891-02-11,False
11185,Wilson,Charles,Charles Wilson,M,,Conservative (1867-1942) (1867/10/23 - 1877/05/04),Rigaud (1867/10/23 - 1877/05/04),Quebec,Senator (1867/10/23 - 1877/05/04),1808-04-01,True,Coteau-du-Lac,Quebec,Lower Canada,False,False,1877-05-04,True
10733,Wood,Edmund Burke,Edmund Burke Wood,M,,Liberal Party of Canada (1873/04/10 - 1874/03/10)|Liberal Party of Canada (1867/09/20 - 1872/10/11),Durham West (1873/04/10 - 1874/03/10)|Brant South (1867/09/20 - 1872/10/11),Ontario|Ontario,MP (1873/04/10 - 1874/03/10)|MP (1867/09/20 - 1872/10/11),1820-02-13,False,Fort Erie,,Upper Canada,False,False,1882-10-07,False
6661,Workman,Thomas,Thomas Workman,M,,Liberal Party of Canada (1875/10/30 - 1878/09/16)|Liberal Party of Canada (1867/09/20 - 1872/10/11),Montreal West (1875/10/30 - 1878/09/16)|Montreal Centre (1867/09/20 - 1872/10/11),Quebec|Quebec,MP (1875/10/30 - 1878/09/16)|MP (1867/09/20 - 1872/10/11),1813-06-17,False,Lashburn,County Antrim,Ireland,False,False,1889-10-09,False
3892,Wright,Alonzo,Alonzo Wright,M,,Liberal-Conservative (1867/09/20 - 1891/03/05),Ottawa (County of) (1867/09/20 - 1891/03/04),Quebec,MP (1867/09/20 - 1891/03/04),1821-04-28,False,Hull,,Lower Canada,False,False,1894-01-07,False
17094,Wright,Amos,Amos Wright,M,,Liberal Party of Canada (1868/08/14 - 1872/10/11),York West (1868/08/14 - 1872/10/11),Ontario,MP (1868/08/14 - 1872/10/11),1809-11-24,False,Yonge Township,,Upper Canada,False,False,1886-05-31,False
4924,Young,James,James Young,M,,Liberal Party of Canada (1867/09/20 - 1878/09/16),Waterloo South (1867/09/20 - 1878/09/16),Ontario,MP (1867/09/20 - 1878/09/16),1835-05-24,False,Galt,,Upper Canada,False,False,1913-01-29,False
